Model,Coding Rate,SNR,Accuracy
Box3,0.2,0.0,0.0462
Box3,0.2,0.10101010101010101,0.05190441836447751
Box3,0.2,0.20202020202020202,0.057549999554807496
Box3,0.2,0.30303030303030304,0.06312715190825532
Box3,0.2,0.40404040404040403,0.06862628376208635
Box3,0.2,0.5050505050505051,0.07403780345356593
Box3,0.2,0.6060606060606061,0.07935211931995945
Box3,0.2,0.7070707070707071,0.08455963969853225
Box3,0.2,0.8080808080808081,0.08965077292654969
Box3,0.2,0.9090909090909091,0.09461592734127715
Box3,0.2,1.0101010101010102,0.09944551127997997
Box3,0.2,1.1111111111111112,0.10412993307992355
Box3,0.2,1.2121212121212122,0.1086596010783732
Box3,0.2,1.3131313131313131,0.11302492361259432
Box3,0.2,1.4141414141414141,0.11721630901985229
Box3,0.2,1.5151515151515151,0.12122416563741242
Box3,0.2,1.6161616161616161,0.1250389018025401
Box3,0.2,1.7171717171717171,0.12865092585250068
Box3,0.2,1.8181818181818181,0.13205064612455952
Box3,0.2,1.9191919191919191,0.13522847095598203
Box3,0.2,2.0202020202020203,0.13817480868403353
Box3,0.2,2.121212121212121,0.14088006764597938
Box3,0.2,2.2222222222222223,0.14333465617908492
Box3,0.2,2.323232323232323,0.1455289826206156
Box3,0.2,2.4242424242424243,0.14745345530783666
Box3,0.2,2.525252525252525,0.14909848257801359
Box3,0.2,2.6262626262626263,0.15045447276841165
Box3,0.2,2.727272727272727,0.15151183421629622
Box3,0.2,2.8282828282828283,0.15226097525893276
Box3,0.2,2.929292929292929,0.15269230423358648
Box3,0.2,3.0303030303030303,0.1528112405756489
Box3,0.2,3.131313131313131,0.15284772435842753
Box3,0.2,3.2323232323232323,0.152882661251889
Box3,0.2,3.3333333333333335,0.15291600976705996
Box3,0.2,3.4343434343434343,0.15294772841496682
Box3,0.2,3.5353535353535355,0.15297777570663618
Box3,0.2,3.6363636363636362,0.15300611015309462
Box3,0.2,3.7373737373737375,0.1530326902653687
Box3,0.2,3.8383838383838382,0.15305747455448487
Box3,0.2,3.9393939393939394,0.15308042153146978
Box3,0.2,4.040404040404041,0.1531014897073499
Box3,0.2,4.141414141414141,0.1531206375931519
Box3,0.2,4.242424242424242,0.15313782369990217
Box3,0.2,4.343434343434343,0.15315300653862735
Box3,0.2,4.444444444444445,0.15316614462035397
Box3,0.2,4.545454545454545,0.15317719645610858
Box3,0.2,4.646464646464646,0.15318612055691772
Box3,0.2,4.747474747474747,0.15319287543380797
Box3,0.2,4.848484848484849,0.1531974195978058
Box3,0.2,4.94949494949495,0.1531997115599379
Box3,0.2,5.05050505050505,0.1532
Box3,0.2,5.151515151515151,0.1532
Box3,0.2,5.252525252525253,0.1532
Box3,0.2,5.353535353535354,0.1532
Box3,0.2,5.454545454545454,0.1532
Box3,0.2,5.555555555555555,0.1532
Box3,0.2,5.656565656565657,0.1532
Box3,0.2,5.757575757575758,0.1532
Box3,0.2,5.858585858585858,0.1532
Box3,0.2,5.959595959595959,0.1532
Box3,0.2,6.0606060606060606,0.1532
Box3,0.2,6.161616161616162,0.1532
Box3,0.2,6.262626262626262,0.1532
Box3,0.2,6.363636363636363,0.1532
Box3,0.2,6.4646464646464645,0.1532
Box3,0.2,6.565656565656566,0.1532
Box3,0.2,6.666666666666667,0.1532
Box3,0.2,6.767676767676767,0.1532
Box3,0.2,6.8686868686868685,0.1532
Box3,0.2,6.96969696969697,0.1532
Box3,0.2,7.070707070707071,0.1532
Box3,0.2,7.171717171717171,0.1532
Box3,0.2,7.2727272727272725,0.1532
Box3,0.2,7.373737373737374,0.1532
Box3,0.2,7.474747474747475,0.1532
Box3,0.2,7.575757575757575,0.1532
Box3,0.2,7.6767676767676765,0.1532
Box3,0.2,7.777777777777778,0.1532
Box3,0.2,7.878787878787879,0.1532
Box3,0.2,7.979797979797979,0.1532
Box3,0.2,8.080808080808081,0.1532
Box3,0.2,8.181818181818182,0.1532
Box3,0.2,8.282828282828282,0.1532
Box3,0.2,8.383838383838384,0.1532
Box3,0.2,8.484848484848484,0.1532
Box3,0.2,8.585858585858587,0.1532
Box3,0.2,8.686868686868687,0.1532
Box3,0.2,8.787878787878787,0.1532
Box3,0.2,8.88888888888889,0.1532
Box3,0.2,8.98989898989899,0.1532
Box3,0.2,9.09090909090909,0.1532
Box3,0.2,9.191919191919192,0.1532
Box3,0.2,9.292929292929292,0.1532
Box3,0.2,9.393939393939394,0.1532
Box3,0.2,9.494949494949495,0.1532
Box3,0.2,9.595959595959595,0.1532
Box3,0.2,9.696969696969697,0.1532
Box3,0.2,9.797979797979798,0.1532
Box3,0.2,9.8989898989899,0.1532
Box3,0.2,10.0,0.1532
Box3,0.5,0.0,0.0
Box3,0.5,0.10101010101010101,6.883945946605251e-06
Box3,0.5,0.20202020202020202,2.758756769225772e-05
Box3,0.5,0.30303030303030304,6.218854109571249e-05
Box3,0.5,0.40404040404040403,0.0001107645420157246
Box3,0.5,0.5050505050505051,0.0001733932463110492
Box3,0.5,0.6060606060606061,0.00025015232984044127
Box3,0.5,0.7070707070707071,0.0003411194684626559
Box3,0.5,0.8080808080808081,0.0004463723380364482
Box3,0.5,0.9090909090909091,0.0005659886144205732
Box3,0.5,1.0101010101010102,0.0007000459734737863
Box3,0.5,1.1111111111111112,0.0008486220910548421
Box3,0.5,1.2121212121212122,0.0010117946430224958
Box3,0.5,1.3131313131313131,0.0011896413052355024
Box3,0.5,1.4141414141414141,0.0013822397535526172
Box3,0.5,1.5151515151515151,0.001589667663832595
Box3,0.5,1.6161616161616161,0.0018120027119341913
Box3,0.5,1.7171717171717171,0.0020493225737161606
Box3,0.5,1.8181818181818181,0.002301704925037259
Box3,0.5,1.9191919191919191,0.00256922744175624
Box3,0.5,2.0202020202020203,0.002851967799731861
Box3,0.5,2.121212121212121,0.003150003674822874
Box3,0.5,2.2222222222222223,0.0034634127428880366
Box3,0.5,2.323232323232323,0.0037922726797861026
Box3,0.5,2.4242424242424243,0.0041366611613758274
Box3,0.5,2.525252525252525,0.004496655863515965
Box3,0.5,2.6262626262626263,0.004872334462065274
Box3,0.5,2.727272727272727,0.005263774632882505
Box3,0.5,2.8282828282828283,0.0056710540518264164
Box3,0.5,2.929292929292929,0.006094250394755761
Box3,0.5,3.0303030303030303,0.006592710277954525
Box3,0.5,3.131313131313131,0.008066542408692194
Box3,0.5,3.2323232323232323,0.010724068738748933
Box3,0.5,3.3333333333333335,0.014440747512943733
Box3,0.5,3.4343434343434343,0.019092036976095562
Box3,0.5,3.5353535353535355,0.02455339537302346
Box3,0.5,3.6363636363636362,0.030700280948546373
Box3,0.5,3.7373737373737375,0.037408151947483335
Box3,0.5,3.8383838383838382,0.0445524666146533
Box3,0.5,3.9393939393939394,0.0520086831948753
Box3,0.5,4.040404040404041,0.05965225993296832
Box3,0.5,4.141414141414141,0.0673586550737513
Box3,0.5,4.242424242424242,0.0750033268620433
Box3,0.5,4.343434343434343,0.08246173354266334
Box3,0.5,4.444444444444445,0.08960933336043037
Box3,0.5,4.545454545454545,0.09632158456016329
Box3,0.5,4.646464646464646,0.10247394538668124
Box3,0.5,4.747474747474747,0.10794187408480323
Box3,0.5,4.848484848484849,0.11260082889934808
Box3,0.5,4.94949494949495,0.11632626807513496
Box3,0.5,5.05050505050505,0.11913430226629168
Box3,0.5,5.151515151515151,0.12178651502832688
Box3,0.5,5.252525252525253,0.12440688919994833
Box3,0.5,5.353535353535354,0.1269834453055366
Box3,0.5,5.454545454545454,0.12950420386947217
Box3,0.5,5.555555555555555,0.13195718541613569
Box3,0.5,5.656565656565657,0.13433041046990774
Box3,0.5,5.757575757575758,0.13661189955516878
Box3,0.5,5.858585858585858,0.1387896731962994
Box3,0.5,5.959595959595959,0.1408517519176802
Box3,0.5,6.0606060606060606,0.14278615624369176
Box3,0.5,6.161616161616162,0.14458090669871454
Box3,0.5,6.262626262626262,0.14622402380712918
Box3,0.5,6.363636363636363,0.14770352809331624
Box3,0.5,6.4646464646464645,0.14900744008165623
Box3,0.5,6.565656565656566,0.15012378029652979
Box3,0.5,6.666666666666667,0.15104056926231738
Box3,0.5,6.767676767676767,0.15174582750339963
Box3,0.5,6.8686868686868685,0.15222757554415706
Box3,0.5,6.96969696969697,0.15247383390897026
Box3,0.5,7.070707070707071,0.1525343446715559
Box3,0.5,7.171717171717171,0.15258177352770733
Box3,0.5,7.2727272727272725,0.15262729483312923
Box3,0.5,7.373737373737374,0.152670926290092
Box3,0.5,7.474747474747475,0.15271268560086615
Box3,0.5,7.575757575757575,0.1527525904677221
Box3,0.5,7.6767676767676765,0.15279065859293037
Box3,0.5,7.777777777777778,0.15282690767876136
Box3,0.5,7.878787878787879,0.15286135542748552
Box3,0.5,7.979797979797979,0.15289401954137333
Box3,0.5,8.080808080808081,0.15292491772269529
Box3,0.5,8.181818181818182,0.15295406767372177
Box3,0.5,8.282828282828282,0.1529814870967233
Box3,0.5,8.383838383838384,0.1530071936939703
Box3,0.5,8.484848484848484,0.1530312051677332
Box3,0.5,8.585858585858587,0.1530535392202825
Box3,0.5,8.686868686868687,0.15307421355388867
Box3,0.5,8.787878787878787,0.15309324587082215
Box3,0.5,8.88888888888889,0.1531106538733534
Box3,0.5,8.98989898989899,0.15312645526375285
Box3,0.5,9.09090909090909,0.15314066774429097
Box3,0.5,9.191919191919192,0.15315330901723825
Box3,0.5,9.292929292929292,0.15316439678486507
Box3,0.5,9.393939393939394,0.153173948749442
Box3,0.5,9.494949494949495,0.1531819826132394
Box3,0.5,9.595959595959595,0.1531885160785278
Box3,0.5,9.696969696969697,0.15319356684757754
Box3,0.5,9.797979797979798,0.1531971526226592
Box3,0.5,9.8989898989899,0.15319929110604322
Box3,0.5,10.0,0.1532
Box3,1.0,0.0,0.0
Box3,1.0,0.10101010101010101,0.0
Box3,1.0,0.20202020202020202,0.0
Box3,1.0,0.30303030303030304,0.0
Box3,1.0,0.40404040404040403,0.0
Box3,1.0,0.5050505050505051,0.0
Box3,1.0,0.6060606060606061,0.0
Box3,1.0,0.7070707070707071,0.0
Box3,1.0,0.8080808080808081,0.0
Box3,1.0,0.9090909090909091,0.0
Box3,1.0,1.0101010101010102,0.0
Box3,1.0,1.1111111111111112,0.0
Box3,1.0,1.2121212121212122,0.0
Box3,1.0,1.3131313131313131,0.0
Box3,1.0,1.4141414141414141,0.0
Box3,1.0,1.5151515151515151,0.0
Box3,1.0,1.6161616161616161,0.0
Box3,1.0,1.7171717171717171,0.0
Box3,1.0,1.8181818181818181,0.0
Box3,1.0,1.9191919191919191,0.0
Box3,1.0,2.0202020202020203,0.0
Box3,1.0,2.121212121212121,0.0
Box3,1.0,2.2222222222222223,0.0
Box3,1.0,2.323232323232323,0.0
Box3,1.0,2.4242424242424243,0.0
Box3,1.0,2.525252525252525,0.0
Box3,1.0,2.6262626262626263,0.0
Box3,1.0,2.727272727272727,0.0
Box3,1.0,2.8282828282828283,0.0
Box3,1.0,2.929292929292929,0.0
Box3,1.0,3.0303030303030303,6.975330472578626e-08
Box3,1.0,3.131313131313131,1.3089619697006867e-06
Box3,1.0,3.2323232323232323,4.094622406114369e-06
Box3,1.0,3.3333333333333335,8.423716558206804e-06
Box3,1.0,3.4343434343434343,1.4293226370217932e-05
Box3,1.0,3.5353535353535355,2.1700133786387776e-05
Box3,1.0,3.6363636363636362,3.064142075095624e-05
Box3,1.0,3.7373737373737375,4.111406920816338e-05
Box3,1.0,3.8383838383838382,5.311506110224907e-05
Box3,1.0,3.9393939393939394,6.664137837745338e-05
Box3,1.0,4.040404040404041,8.169000297801626e-05
Box3,1.0,4.141414141414141,9.825791684817749e-05
Box3,1.0,4.242424242424242,0.00011634210193217736
Box3,1.0,4.343434343434343,0.0001359395401742557
Box3,1.0,4.444444444444445,0.00015704721351865244
Box3,1.0,4.545454545454545,0.00017966210390960743
Box3,1.0,4.646464646464646,0.00020378119329136094
Box3,1.0,4.747474747474747,0.00022940146360815283
Box3,1.0,4.848484848484849,0.00025651989680422303
Box3,1.0,4.94949494949495,0.00028513347482381153
Box3,1.0,5.05050505050505,0.00036625659293666957
Box3,1.0,5.151515151515151,0.000795556695325497
Box3,1.0,5.252525252525253,0.0015973834653226948
Box3,1.0,5.353535353535354,0.0027439098376335273
Box3,1.0,5.454545454545454,0.004207308746963245
Box3,1.0,5.555555555555555,0.005959753128017135
Box3,1.0,5.656565656565657,0.007973415915500453
Box3,1.0,5.757575757575758,0.010220470044118461
Box3,1.0,5.858585858585858,0.012673088448576406
Box3,1.0,5.959595959595959,0.015303444063579585
Box3,1.0,6.0606060606060606,0.01808370982383325
Box3,1.0,6.161616161616162,0.020986058664042666
Box3,1.0,6.262626262626262,0.023982663518913067
Box3,1.0,6.363636363636363,0.027045697323149764
Box3,1.0,6.4646464646464645,0.030147333011457996
Box3,1.0,6.565656565656566,0.03325974351854305
Box3,1.0,6.666666666666667,0.03635510177911015
Box3,1.0,6.767676767676767,0.03940558072786457
Box3,1.0,6.8686868686868685,0.04238335329951161
Box3,1.0,6.96969696969697,0.045260592428756505
Box3,1.0,7.070707070707071,0.0480590616999759
Box3,1.0,7.171717171717171,0.05090787752683477
Box3,1.0,7.2727272727272725,0.05381538013344388
Box3,1.0,7.373737373737374,0.05678121332022537
Box3,1.0,7.474747474747475,0.05980502088760139
Box3,1.0,7.575757575757575,0.06288644663599403
Box3,1.0,7.6767676767676765,0.06602513436582555
Box3,1.0,7.777777777777778,0.069220727877518
Box3,1.0,7.878787878787879,0.07247287097149357
Box3,1.0,7.979797979797979,0.07578120744817436
Box3,1.0,8.080808080808081,0.07914538110798261
Box3,1.0,8.181818181818182,0.08256503575134035
Box3,1.0,8.282828282828282,0.08603981517866978
Box3,1.0,8.383838383838384,0.08956936319039313
Box3,1.0,8.484848484848484,0.0931533235869324
Box3,1.0,8.585858585858587,0.09679134016870986
Box3,1.0,8.686868686868687,0.10048305673614752
Box3,1.0,8.787878787878787,0.10422811708966764
Box3,1.0,8.88888888888889,0.10802616502969238
Box3,1.0,8.98989898989899,0.11187684435664379
Box3,1.0,9.09090909090909,0.11577979887094404
Box3,1.0,9.191919191919192,0.11973467237301541
Box3,1.0,9.292929292929292,0.12374110866327985
Box3,1.0,9.393939393939394,0.12779875154215967
Box3,1.0,9.494949494949495,0.1319072448100769
Box3,1.0,9.595959595959595,0.1360662322674537
Box3,1.0,9.696969696969697,0.14027535771471233
Box3,1.0,9.797979797979798,0.14453426495227478
Box3,1.0,9.8989898989899,0.14884259778056333
Box3,1.0,10.0,0.1532
Box6,0.2,0.0,0.1126
Box6,0.2,0.10101010101010101,0.11834908228730798
Box6,0.2,0.20202020202020202,0.12403722039255248
Box6,0.2,0.30303030303030304,0.12965504411000744
Box6,0.2,0.40404040404040403,0.1351931832339467
Box6,0.2,0.5050505050505051,0.14064226755864417
Box6,0.2,0.6060606060606061,0.14599292687837376
Box6,0.2,0.7070707070707071,0.15123579098740927
Box6,0.2,0.8080808080808081,0.1563614896800247
Box6,0.2,0.9090909090909091,0.16136065275049383
Box6,0.2,1.0101010101010102,0.16622390999309059
Box6,0.2,1.1111111111111112,0.17094189120208889
Box6,0.2,1.2121212121212122,0.1755052261717625
Box6,0.2,1.3131313131313131,0.17990454469638542
Box6,0.2,1.4141414141414141,0.18413047657023154
Box6,0.2,1.5151515151515151,0.18817365158757465
Box6,0.2,1.6161616161616161,0.1920246995426887
Box6,0.2,1.7171717171717171,0.19567425022984758
Box6,0.2,1.8181818181818181,0.19911293344332515
Box6,0.2,1.9191919191919191,0.20233137897739525
Box6,0.2,2.0202020202020203,0.20532021662633185
Box6,0.2,2.121212121212121,0.20807007618440876
Box6,0.2,2.2222222222222223,0.21057158744589993
Box6,0.2,2.323232323232323,0.2128153802050792
Box6,0.2,2.4242424242424243,0.21479208425622046
Box6,0.2,2.525252525252525,0.21649232939359758
Box6,0.2,2.6262626262626263,0.21790674541148441
Box6,0.2,2.727272727272727,0.21902596210415498
Box6,0.2,2.8282828282828283,0.21984060926588306
Box6,0.2,2.929292929292929,0.22034131669094256
Box6,0.2,3.0303030303030303,0.2205334080649548
Box6,0.2,3.131313131313131,0.22064194970415182
Box6,0.2,3.2323232323232323,0.22074604699769612
Box6,0.2,3.3333333333333335,0.22084555898099514
Box6,0.2,3.4343434343434343,0.22094034468945645
Box6,0.2,3.5353535353535355,0.22103026315848745
Box6,0.2,3.6363636363636362,0.22111517342349568
Box6,0.2,3.7373737373737375,0.22119493451988861
Box6,0.2,3.8383838383838382,0.22126940548307372
Box6,0.2,3.9393939393939394,0.22133844534845853
Box6,0.2,4.040404040404041,0.2214019131514505
Box6,0.2,4.141414141414141,0.22145966792745708
Box6,0.2,4.242424242424242,0.22151156871188582
Box6,0.2,4.343434343434343,0.22155747454014418
Box6,0.2,4.444444444444445,0.22159724444763965
Box6,0.2,4.545454545454545,0.2216307374697797
Box6,0.2,4.646464646464646,0.22165781264197185
Box6,0.2,4.747474747474747,0.22167832899962353
Box6,0.2,4.848484848484849,0.22169214557814226
Box6,0.2,4.94949494949495,0.22169912141293557
Box6,0.2,5.05050505050505,0.2217
Box6,0.2,5.151515151515151,0.2217
Box6,0.2,5.252525252525253,0.2217
Box6,0.2,5.353535353535354,0.2217
Box6,0.2,5.454545454545454,0.2217
Box6,0.2,5.555555555555555,0.2217
Box6,0.2,5.656565656565657,0.2217
Box6,0.2,5.757575757575758,0.2217
Box6,0.2,5.858585858585858,0.2217
Box6,0.2,5.959595959595959,0.2217
Box6,0.2,6.0606060606060606,0.2217
Box6,0.2,6.161616161616162,0.2217
Box6,0.2,6.262626262626262,0.2217
Box6,0.2,6.363636363636363,0.2217
Box6,0.2,6.4646464646464645,0.2217
Box6,0.2,6.565656565656566,0.2217
Box6,0.2,6.666666666666667,0.2217
Box6,0.2,6.767676767676767,0.2217
Box6,0.2,6.8686868686868685,0.2217
Box6,0.2,6.96969696969697,0.2217
Box6,0.2,7.070707070707071,0.2217
Box6,0.2,7.171717171717171,0.2217
Box6,0.2,7.2727272727272725,0.2217
Box6,0.2,7.373737373737374,0.2217
Box6,0.2,7.474747474747475,0.2217
Box6,0.2,7.575757575757575,0.2217
Box6,0.2,7.6767676767676765,0.2217
Box6,0.2,7.777777777777778,0.2217
Box6,0.2,7.878787878787879,0.2217
Box6,0.2,7.979797979797979,0.2217
Box6,0.2,8.080808080808081,0.2217
Box6,0.2,8.181818181818182,0.2217
Box6,0.2,8.282828282828282,0.2217
Box6,0.2,8.383838383838384,0.2217
Box6,0.2,8.484848484848484,0.2217
Box6,0.2,8.585858585858587,0.2217
Box6,0.2,8.686868686868687,0.2217
Box6,0.2,8.787878787878787,0.2217
Box6,0.2,8.88888888888889,0.2217
Box6,0.2,8.98989898989899,0.2217
Box6,0.2,9.09090909090909,0.2217
Box6,0.2,9.191919191919192,0.2217
Box6,0.2,9.292929292929292,0.2217
Box6,0.2,9.393939393939394,0.2217
Box6,0.2,9.494949494949495,0.2217
Box6,0.2,9.595959595959595,0.2217
Box6,0.2,9.696969696969697,0.2217
Box6,0.2,9.797979797979798,0.2217
Box6,0.2,9.8989898989899,0.2217
Box6,0.2,10.0,0.2217
Box6,0.5,0.0,0.0
Box6,0.5,0.10101010101010101,3.392530256015183e-05
Box6,0.5,0.20202020202020202,0.00013528642561458124
Box6,0.5,0.30303030303030304,0.0003034611922242492
Box6,0.5,0.40404040404040403,0.0005378274254501164
Box6,0.5,0.5050505050505051,0.0008377629483531442
Box6,0.5,0.6060606060606061,0.0012026455839942928
Box6,0.5,0.7070707070707071,0.0016318531554345235
Box6,0.5,0.8080808080808081,0.0021247634857347974
Box6,0.5,0.9090909090909091,0.0026807543979560752
Box6,0.5,1.0101010101010102,0.0032992037151593186
Box6,0.5,1.1111111111111112,0.003979489260405486
Box6,0.5,1.2121212121212122,0.00472098885675554
Box6,0.5,1.3131313131313131,0.005523080327270443
Box6,0.5,1.4141414141414141,0.006385141495011153
Box6,0.5,1.5151515151515151,0.007306550183038633
Box6,0.5,1.6161616161616161,0.008286684214413843
Box6,0.5,1.7171717171717171,0.009324921412197743
Box6,0.5,1.8181818181818181,0.010420639599451297
Box6,0.5,1.9191919191919191,0.011573216599235462
Box6,0.5,2.0202020202020203,0.012782030234611205
Box6,0.5,2.121212121212121,0.014046458328639475
Box6,0.5,2.2222222222222223,0.01536587870438125
Box6,0.5,2.323232323232323,0.016739669184897474
Box6,0.5,2.4242424242424243,0.018167207593249118
Box6,0.5,2.525252525252525,0.01964787175249714
Box6,0.5,2.6262626262626263,0.0211810394857025
Box6,0.5,2.727272727272727,0.022766088615926158
Box6,0.5,2.8282828282828283,0.024402396966229083
Box6,0.5,2.929292929292929,0.026089342359672224
Box6,0.5,3.0303030303030303,0.02790763236576072
Box6,0.5,3.131313131313131,0.031087968862054213
Box6,0.5,3.2323232323232323,0.03590338226548527
Box6,0.5,3.3333333333333335,0.04216906597916082
Box6,0.5,3.4343434343434343,0.049700213406187764
Box6,0.5,3.5353535353535355,0.0583120179496731
Box6,0.5,3.6363636363636362,0.06781967301272371
Box6,0.5,3.7373737373737375,0.07803837199844658
Box6,0.5,3.8383838383838382,0.08878330830994857
Box6,0.5,3.9393939393939394,0.09986967535033675
Box6,0.5,4.040404040404041,0.11111266652271794
Box6,0.5,4.141414141414141,0.12232747523019903
Box6,0.5,4.242424242424242,0.13332929487588718
Box6,0.5,4.343434343434343,0.14393331886288915
Box6,0.5,4.444444444444445,0.1539547405943119
Box6,0.5,4.545454545454545,0.16320875347326233
Box6,0.5,4.646464646464646,0.17151055090284748
Box6,0.5,4.747474747474747,0.17867532628617427
Box6,0.5,4.848484848484849,0.18451827302634963
Box6,0.5,4.94949494949495,0.18885458452648043
Box6,0.5,5.05050505050505,0.19171901766680563
Box6,0.5,5.151515151515151,0.19431052766373794
Box6,0.5,5.252525252525253,0.19683351160438353
Box6,0.5,5.353535353535354,0.19928017875988494
Box6,0.5,5.454545454545454,0.20164273840138452
Box6,0.5,5.555555555555555,0.20391339980002485
Box6,0.5,5.656565656565657,0.2060843722269483
Box6,0.5,5.757575757575758,0.20814786495329735
Box6,0.5,5.858585858585858,0.21009608725021442
Box6,0.5,5.959595959595959,0.21192124838884194
Box6,0.5,6.0606060606060606,0.21361555764032245
Box6,0.5,6.161616161616162,0.21517122427579832
Box6,0.5,6.262626262626262,0.216580457566412
Box6,0.5,6.363636363636363,0.21783546678330595
Box6,0.5,6.4646464646464645,0.2189284611976227
Box6,0.5,6.565656565656566,0.21985165008050456
Box6,0.5,6.666666666666667,0.22059724270309403
Box6,0.5,6.767676767676767,0.2211574483365336
Box6,0.5,6.8686868686868685,0.2215244762519657
Box6,0.5,6.96969696969697,0.22169053572053277
Box6,0.5,7.070707070707071,0.2217
Box6,0.5,7.171717171717171,0.2217
Box6,0.5,7.2727272727272725,0.2217
Box6,0.5,7.373737373737374,0.2217
Box6,0.5,7.474747474747475,0.2217
Box6,0.5,7.575757575757575,0.2217
Box6,0.5,7.6767676767676765,0.2217
Box6,0.5,7.777777777777778,0.2217
Box6,0.5,7.878787878787879,0.2217
Box6,0.5,7.979797979797979,0.2217
Box6,0.5,8.080808080808081,0.2217
Box6,0.5,8.181818181818182,0.2217
Box6,0.5,8.282828282828282,0.2217
Box6,0.5,8.383838383838384,0.2217
Box6,0.5,8.484848484848484,0.2217
Box6,0.5,8.585858585858587,0.2217
Box6,0.5,8.686868686868687,0.2217
Box6,0.5,8.787878787878787,0.2217
Box6,0.5,8.88888888888889,0.2217
Box6,0.5,8.98989898989899,0.2217
Box6,0.5,9.09090909090909,0.2217
Box6,0.5,9.191919191919192,0.2217
Box6,0.5,9.292929292929292,0.2217
Box6,0.5,9.393939393939394,0.2217
Box6,0.5,9.494949494949495,0.2217
Box6,0.5,9.595959595959595,0.2217
Box6,0.5,9.696969696969697,0.2217
Box6,0.5,9.797979797979798,0.2217
Box6,0.5,9.8989898989899,0.2217
Box6,0.5,10.0,0.2217
Box6,1.0,0.0,0.0
Box6,1.0,0.10101010101010101,0.0
Box6,1.0,0.20202020202020202,0.0
Box6,1.0,0.30303030303030304,0.0
Box6,1.0,0.40404040404040403,0.0
Box6,1.0,0.5050505050505051,0.0
Box6,1.0,0.6060606060606061,0.0
Box6,1.0,0.7070707070707071,0.0
Box6,1.0,0.8080808080808081,0.0
Box6,1.0,0.9090909090909091,0.0
Box6,1.0,1.0101010101010102,0.0
Box6,1.0,1.1111111111111112,0.0
Box6,1.0,1.2121212121212122,0.0
Box6,1.0,1.3131313131313131,0.0
Box6,1.0,1.4141414141414141,0.0
Box6,1.0,1.5151515151515151,0.0
Box6,1.0,1.6161616161616161,0.0
Box6,1.0,1.7171717171717171,0.0
Box6,1.0,1.8181818181818181,0.0
Box6,1.0,1.9191919191919191,0.0
Box6,1.0,2.0202020202020203,0.0
Box6,1.0,2.121212121212121,0.0
Box6,1.0,2.2222222222222223,0.0
Box6,1.0,2.323232323232323,0.0
Box6,1.0,2.4242424242424243,0.0
Box6,1.0,2.525252525252525,0.0
Box6,1.0,2.6262626262626263,0.0
Box6,1.0,2.727272727272727,0.0
Box6,1.0,2.8282828282828283,0.0
Box6,1.0,2.929292929292929,0.0
Box6,1.0,3.0303030303030303,1.8620896856838853e-07
Box6,1.0,3.131313131313131,3.494130994008733e-06
Box6,1.0,3.2323232323232323,1.0929551167632313e-05
Box6,1.0,3.3333333333333335,2.2483737046843867e-05
Box6,1.0,3.4343434343434343,3.814795618904805e-05
Box6,1.0,3.5353535353535355,5.791347615164974e-05
Box6,1.0,3.6363636363636362,8.17715644920535e-05
Box6,1.0,3.7373737373737375,0.00010971348876766424
Box6,1.0,3.8383838383838382,0.00014173051653588653
Box6,1.0,3.9393939393939394,0.00017781391535412531
Box6,1.0,4.040404040404041,0.00021795495277978526
Box6,1.0,4.141414141414141,0.00026214489637027067
Box6,1.0,4.242424242424242,0.00031037501368298703
Box6,1.0,4.343434343434343,0.0003626365722753388
Box6,1.0,4.444444444444445,0.0004189208397047305
Box6,1.0,4.545454545454545,0.0004792190835285666
Box6,1.0,4.646464646464646,0.0005435225713042528
Box6,1.0,4.747474747474747,0.0006118225705891931
Box6,1.0,4.848484848484849,0.0006841103489407926
Box6,1.0,4.94949494949495,0.0007603771739164559
Box6,1.0,5.05050505050505,0.0009942080664800041
Box6,1.0,5.151515151515151,0.002268286484328343
Box6,1.0,5.252525252525253,0.004636862159883357
Box6,1.0,5.353535353535354,0.00799627214657173
Box6,1.0,5.454545454545454,0.0122428534978201
Box6,1.0,5.555555555555555,0.017272943267055228
Box6,1.0,5.656565656565657,0.022982878507703763
Box6,1.0,5.757575757575758,0.02926899627319239
Box6,1.0,5.858585858585858,0.03602763361694772
Box6,1.0,5.959595959595959,0.04315512759239657
Box6,1.0,6.0606060606060606,0.05054781525296556
Box6,1.0,6.161616161616162,0.05810203365208137
Box6,1.0,6.262626262626262,0.0657141198431706
Box6,1.0,6.363636363636363,0.07328041087966011
Box6,1.0,6.4646464646464645,0.08069724381497648
Box6,1.0,6.565656565656566,0.08786095570254637
Box6,1.0,6.666666666666667,0.09466788359579653
Box6,1.0,6.767676767676767,0.10101436454815353
Box6,1.0,6.8686868686868685,0.10679673561304424
Box6,1.0,6.96969696969697,0.11191133384389518
Box6,1.0,7.070707070707071,0.1164486336813769
Box6,1.0,7.171717171717171,0.12091632931962099
Box6,1.0,7.2727272727272725,0.12534611866013148
Box6,1.0,7.373737373737374,0.12973556003615666
Box6,1.0,7.474747474747475,0.13408221178094487
Box6,1.0,7.575757575757575,0.13838363222774439
Box6,1.0,7.6767676767676765,0.14263737970980364
Box6,1.0,7.777777777777778,0.1468410125603709
Box6,1.0,7.878787878787879,0.1509920891126945
Box6,1.0,7.979797979797979,0.15508816770002276
Box6,1.0,8.080808080808081,0.15912680665560405
Box6,1.0,8.181818181818182,0.16310556431268666
Box6,1.0,8.282828282828282,0.16702199900451895
Box6,1.0,8.383838383838384,0.17087366906434925
Box6,1.0,8.484848484848484,0.17465813282542586
Box6,1.0,8.585858585858587,0.17837294862099715
Box6,1.0,8.686868686868687,0.18201567478431144
Box6,1.0,8.787878787878787,0.185583869648617
Box6,1.0,8.88888888888889,0.18907509154716232
Box6,1.0,8.98989898989899,0.19248689881319553
Box6,1.0,9.09090909090909,0.19581684977996508
Box6,1.0,9.191919191919192,0.1990625027807193
Box6,1.0,9.292929292929292,0.20222141614870648
Box6,1.0,9.393939393939394,0.205291148217175
Box6,1.0,9.494949494949495,0.20826925731937312
Box6,1.0,9.595959595959595,0.2111533017885492
Box6,1.0,9.696969696969697,0.21394083995795163
Box6,1.0,9.797979797979798,0.2166294301608287
Box6,1.0,9.8989898989899,0.2192166307304287
Box6,1.0,10.0,0.2217
Box12,0.2,0.0,0.099
Box12,0.2,0.10101010101010101,0.1071385310365162
Box12,0.2,0.20202020202020202,0.11518089041589512
Box12,0.2,0.30303030303030304,0.12311571239136707
Box12,0.2,0.40404040404040403,0.1309316312161624
Box12,0.2,0.5050505050505051,0.13861728114351138
Box12,0.2,0.6060606060606061,0.14616129642664438
Box12,0.2,0.7070707070707071,0.1535523113187917
Box12,0.2,0.8080808080808081,0.1607789600731837
Box12,0.2,0.9090909090909091,0.16782987694305065
Box12,0.2,1.0101010101010102,0.17469369618162295
Box12,0.2,1.1111111111111112,0.18135905204213085
Box12,0.2,1.2121212121212122,0.18781457877780466
Box12,0.2,1.3131313131313131,0.19404891064187477
Box12,0.2,1.4141414141414141,0.20005068188757147
Box12,0.2,1.5151515151515151,0.20580852676812508
Box12,0.2,1.6161616161616161,0.21131107953676595
Box12,0.2,1.7171717171717171,0.21654697444672433
Box12,0.2,1.8181818181818181,0.2215048457512306
Box12,0.2,1.9191919191919191,0.22617332770351511
Box12,0.2,2.0202020202020203,0.2305410545568082
Box12,0.2,2.121212121212121,0.23459666056434006
Box12,0.2,2.2222222222222223,0.23832877997934115
Box12,0.2,2.323232323232323,0.24172604705504172
Box12,0.2,2.4242424242424243,0.24477709604467202
Box12,0.2,2.525252525252525,0.2474705612014626
Box12,0.2,2.6262626262626263,0.24979507677864357
Box12,0.2,2.727272727272727,0.25173927702944543
Box12,0.2,2.8282828282828283,0.2532917962070983
Box12,0.2,2.929292929292929,0.2544412685648326
Box12,0.2,3.0303030303030303,0.255194486917078
Box12,0.2,3.131313131313131,0.2558294175108859
Box12,0.2,3.2323232323232323,0.2564427854984337
Box12,0.2,3.3333333333333335,0.2570332733594199
Box12,0.2,3.4343434343434343,0.25759956357354313
Box12,0.2,3.5353535353535355,0.25814033862050195
Box12,0.2,3.6363636363636362,0.2586542809799949
Box12,0.2,3.7373737373737375,0.2591400731317206
Box12,0.2,3.8383838383838382,0.2595963975553776
Box12,0.2,3.9393939393939394,0.2600219367306645
Box12,0.2,4.040404040404041,0.26041537313727964
Box12,0.2,4.141414141414141,0.26077538925492194
Box12,0.2,4.242424242424242,0.2611006675632898
Box12,0.2,4.343434343434343,0.2613898905420817
Box12,0.2,4.444444444444445,0.2616417406709964
Box12,0.2,4.545454545454545,0.2618549004297323
Box12,0.2,4.646464646464646,0.26202805229798803
Box12,0.2,4.747474747474747,0.2621598787554622
Box12,0.2,4.848484848484849,0.26224906228185335
Box12,0.2,4.94949494949495,0.26229428535686006
Box12,0.2,5.05050505050505,0.2623
Box12,0.2,5.151515151515151,0.2623
Box12,0.2,5.252525252525253,0.2623
Box12,0.2,5.353535353535354,0.2623
Box12,0.2,5.454545454545454,0.2623
Box12,0.2,5.555555555555555,0.2623
Box12,0.2,5.656565656565657,0.2623
Box12,0.2,5.757575757575758,0.2623
Box12,0.2,5.858585858585858,0.2623
Box12,0.2,5.959595959595959,0.2623
Box12,0.2,6.0606060606060606,0.2623
Box12,0.2,6.161616161616162,0.2623
Box12,0.2,6.262626262626262,0.2623
Box12,0.2,6.363636363636363,0.2623
Box12,0.2,6.4646464646464645,0.2623
Box12,0.2,6.565656565656566,0.2623
Box12,0.2,6.666666666666667,0.2623
Box12,0.2,6.767676767676767,0.2623
Box12,0.2,6.8686868686868685,0.2623
Box12,0.2,6.96969696969697,0.2623
Box12,0.2,7.070707070707071,0.2623
Box12,0.2,7.171717171717171,0.2623
Box12,0.2,7.2727272727272725,0.2623
Box12,0.2,7.373737373737374,0.2623
Box12,0.2,7.474747474747475,0.2623
Box12,0.2,7.575757575757575,0.2623
Box12,0.2,7.6767676767676765,0.2623
Box12,0.2,7.777777777777778,0.2623
Box12,0.2,7.878787878787879,0.2623
Box12,0.2,7.979797979797979,0.2623
Box12,0.2,8.080808080808081,0.2623
Box12,0.2,8.181818181818182,0.2623
Box12,0.2,8.282828282828282,0.2623
Box12,0.2,8.383838383838384,0.2623
Box12,0.2,8.484848484848484,0.2623
Box12,0.2,8.585858585858587,0.2623
Box12,0.2,8.686868686868687,0.2623
Box12,0.2,8.787878787878787,0.2623
Box12,0.2,8.88888888888889,0.2623
Box12,0.2,8.98989898989899,0.2623
Box12,0.2,9.09090909090909,0.2623
Box12,0.2,9.191919191919192,0.2623
Box12,0.2,9.292929292929292,0.2623
Box12,0.2,9.393939393939394,0.2623
Box12,0.2,9.494949494949495,0.2623
Box12,0.2,9.595959595959595,0.2623
Box12,0.2,9.696969696969697,0.2623
Box12,0.2,9.797979797979798,0.2623
Box12,0.2,9.8989898989899,0.2623
Box12,0.2,10.0,0.2623
Box12,0.5,0.0,0.0004
Box12,0.5,0.10101010101010101,0.00041175885167775905
Box12,0.5,0.20202020202020202,0.00044713457481737677
Box12,0.5,0.30303030303030304,0.0005062759215783641
Box12,0.5,0.40404040404040403,0.0005893316441202322
Box12,0.5,0.5050505050505051,0.000696450494602492
Box12,0.5,0.6060606060606061,0.0008277812251846542
Box12,0.5,0.7070707070707071,0.0009834725880262301
Box12,0.5,0.8080808080808081,0.0011636733352867305
Box12,0.5,0.9090909090909091,0.0013685322191256666
Box12,0.5,1.0101010101010102,0.0015981979917025495
Box12,0.5,1.1111111111111112,0.0018528194051768896
Box12,0.5,1.2121212121212122,0.0021325452117081983
Box12,0.5,1.3131313131313131,0.0024375241634559865
Box12,0.5,1.4141414141414141,0.002767905012579765
Box12,0.5,1.5151515151515151,0.0031238365112390446
Box12,0.5,1.6161616161616161,0.0035054674115933375
Box12,0.5,1.7171717171717171,0.0039129464658021525
Box12,0.5,1.8181818181818181,0.004346422426025003
Box12,0.5,1.9191919191919191,0.004806044044421399
Box12,0.5,2.0202020202020203,0.005291960073150852
Box12,0.5,2.121212121212121,0.00580431926437287
Box12,0.5,2.2222222222222223,0.006343270370246969
Box12,0.5,2.323232323232323,0.006908962142932655
Box12,0.5,2.4242424242424243,0.007501543334589443
Box12,0.5,2.525252525252525,0.00812116269737684
Box12,0.5,2.6262626262626263,0.00876796898345436
Box12,0.5,2.727272727272727,0.009442110944981513
Box12,0.5,2.8282828282828283,0.010143737334117811
Box12,0.5,2.929292929292929,0.010872996903022764
Box12,0.5,3.0303030303030303,0.011745576021309495
Box12,0.5,3.131313131313131,0.014514220351525416
Box12,0.5,3.2323232323232323,0.019578816202662122
Box12,0.5,3.3333333333333335,0.026689820222373567
Box12,0.5,3.4343434343434343,0.035597689058313654
Box12,0.5,3.5353535353535355,0.04605287935813642
Box12,0.5,3.6363636363636362,0.057805847769495725
Box12,0.5,3.7373737373737375,0.07060705094004563
Box12,0.5,3.8383838383838382,0.08420694551743997
Box12,0.5,3.9393939393939394,0.09835598814933283
Box12,0.5,4.040404040404041,0.11280463548337807
Box12,0.5,4.141414141414141,0.1273033441672296
Box12,0.5,4.242424242424242,0.1416025708485416
Box12,0.5,4.343434343434343,0.15545277217496783
Box12,0.5,4.444444444444445,0.16860440479416228
Box12,0.5,4.545454545454545,0.18080792535377885
Box12,0.5,4.646464646464646,0.19181379050147165
Box12,0.5,4.747474747474747,0.20137245688489455
Box12,0.5,4.848484848484849,0.20923438115170145
Box12,0.5,4.94949494949495,0.21515001994954647
Box12,0.5,5.05050505050505,0.2191567348629332
Box12,0.5,5.151515151515151,0.22281531204418412
Box12,0.5,5.252525252525253,0.22639030166914592
Box12,0.5,5.353535353535354,0.2298692267416564
Box12,0.5,5.454545454545454,0.2332396102655534
Box12,0.5,5.555555555555555,0.23648897524467472
Box12,0.5,5.656565656565657,0.23960484468285817
Box12,0.5,5.757575757575758,0.2425747415839417
Box12,0.5,5.858585858585858,0.24538618895176295
Box12,0.5,5.959595959595959,0.24802670979015987
Box12,0.5,6.0606060606060606,0.25048382710297024
Box12,0.5,6.161616161616162,0.2527450638940319
Box12,0.5,6.262626262626262,0.25479794316718263
Box12,0.5,6.363636363636363,0.25662998792626035
Box12,0.5,6.4646464646464645,0.25822872117510276
Box12,0.5,6.565656565656566,0.2595816659175478
Box12,0.5,6.666666666666667,0.2606763451574332
Box12,0.5,6.767676767676767,0.26150028189859686
Box12,0.5,6.8686868686868685,0.2620409991448766
Box12,0.5,6.96969696969697,0.26228601990011013
Box12,0.5,7.070707070707071,0.2623
Box12,0.5,7.171717171717171,0.2623
Box12,0.5,7.2727272727272725,0.2623
Box12,0.5,7.373737373737374,0.2623
Box12,0.5,7.474747474747475,0.2623
Box12,0.5,7.575757575757575,0.2623
Box12,0.5,7.6767676767676765,0.2623
Box12,0.5,7.777777777777778,0.2623
Box12,0.5,7.878787878787879,0.2623
Box12,0.5,7.979797979797979,0.2623
Box12,0.5,8.080808080808081,0.2623
Box12,0.5,8.181818181818182,0.2623
Box12,0.5,8.282828282828282,0.2623
Box12,0.5,8.383838383838384,0.2623
Box12,0.5,8.484848484848484,0.2623
Box12,0.5,8.585858585858587,0.2623
Box12,0.5,8.686868686868687,0.2623
Box12,0.5,8.787878787878787,0.2623
Box12,0.5,8.88888888888889,0.2623
Box12,0.5,8.98989898989899,0.2623
Box12,0.5,9.09090909090909,0.2623
Box12,0.5,9.191919191919192,0.2623
Box12,0.5,9.292929292929292,0.2623
Box12,0.5,9.393939393939394,0.2623
Box12,0.5,9.494949494949495,0.2623
Box12,0.5,9.595959595959595,0.2623
Box12,0.5,9.696969696969697,0.2623
Box12,0.5,9.797979797979798,0.2623
Box12,0.5,9.8989898989899,0.2623
Box12,0.5,10.0,0.2623
Box12,1.0,0.0,0.0
Box12,1.0,0.10101010101010101,0.0
Box12,1.0,0.20202020202020202,0.0
Box12,1.0,0.30303030303030304,0.0
Box12,1.0,0.40404040404040403,0.0
Box12,1.0,0.5050505050505051,0.0
Box12,1.0,0.6060606060606061,0.0
Box12,1.0,0.7070707070707071,0.0
Box12,1.0,0.8080808080808081,0.0
Box12,1.0,0.9090909090909091,0.0
Box12,1.0,1.0101010101010102,0.0
Box12,1.0,1.1111111111111112,0.0
Box12,1.0,1.2121212121212122,0.0
Box12,1.0,1.3131313131313131,0.0
Box12,1.0,1.4141414141414141,0.0
Box12,1.0,1.5151515151515151,0.0
Box12,1.0,1.6161616161616161,0.0
Box12,1.0,1.7171717171717171,0.0
Box12,1.0,1.8181818181818181,0.0
Box12,1.0,1.9191919191919191,0.0
Box12,1.0,2.0202020202020203,0.0
Box12,1.0,2.121212121212121,0.0
Box12,1.0,2.2222222222222223,0.0
Box12,1.0,2.323232323232323,0.0
Box12,1.0,2.4242424242424243,0.0
Box12,1.0,2.525252525252525,0.0
Box12,1.0,2.6262626262626263,0.0
Box12,1.0,2.727272727272727,0.0
Box12,1.0,2.8282828282828283,0.0
Box12,1.0,2.929292929292929,0.0
Box12,1.0,3.0303030303030303,6.923649660286781e-08
Box12,1.0,3.131313131313131,1.2997551286961026e-06
Box12,1.0,3.2323232323232323,4.067361145727375e-06
Box12,1.0,3.3333333333333335,8.370803357314153e-06
Box12,1.0,3.4343434343434343,1.4208830573073878e-05
Box12,1.0,3.5353535353535355,2.1580191602624073e-05
Box12,1.0,3.6363636363636362,3.0483635255582142e-05
Box12,1.0,3.7373737373737375,4.091791034156563e-05
Box12,1.0,3.8383838383838382,5.288176567019192e-05
Box12,1.0,3.9393939393939394,6.637395005107859e-05
Box12,1.0,4.040404040404041,8.139321229384305e-05
Box12,1.0,4.141414141414141,9.793830120810262e-05
Box12,1.0,4.242424242424242,0.00011600796560347508
Box12,1.0,4.343434343434343,0.00013560095428957774
Box12,1.0,4.444444444444445,0.00015671601607602806
Box12,1.0,4.545454545454545,0.00017935189977244336
Box12,1.0,4.646464646464646,0.00020350735418844145
Box12,1.0,4.747474747474747,0.00022918112813363964
Box12,1.0,4.848484848484849,0.0002563719704176554
Box12,1.0,4.94949494949495,0.0002850786298501061
Box12,1.0,5.05050505050505,0.00045711159123044433
Box12,1.0,5.151515151515151,0.001589922644579799
Box12,1.0,5.252525252525253,0.003739922317060644
Box12,1.0,5.353535353535354,0.0068179963582092225
Box12,1.0,5.454545454545454,0.01073503051756174
Box12,1.0,5.555555555555555,0.01540191054465451
Box12,1.0,5.656565656565657,0.02072952218902374
Box12,1.0,5.757575757575758,0.026628751200205684
Box12,1.0,5.858585858585858,0.033010483327736526
Box12,1.0,5.959595959595959,0.03978560432115261
Box12,1.0,6.0606060606060606,0.04686499992999013
Box12,1.0,6.161616161616162,0.05415955590378533
Box12,1.0,6.262626262626262,0.061580157992074405
Box12,1.0,6.363636363636363,0.06903769194439371
Box12,1.0,6.4646464646464645,0.07644304351027942
Box12,1.0,6.565656565656566,0.08370709843926778
Box12,1.0,6.666666666666667,0.09074074248089503
Box12,1.0,6.767676767676767,0.0974548613846974
Box12,1.0,6.8686868686868685,0.10376034090021122
Box12,1.0,6.96969696969697,0.10956806677697262
Box12,1.0,7.070707070707071,0.11494078670762946
Box12,1.0,7.171717171717171,0.12027224700912695
Box12,1.0,7.2727272727272725,0.12558869209887977
Box12,1.0,7.373737373737374,0.1308898053486769
Box12,1.0,7.474747474747475,0.13617527013030742
Box12,1.0,7.575757575757575,0.14144476981556045
Box12,1.0,7.6767676767676765,0.14669798777622506
Box12,1.0,7.777777777777778,0.15193460738409037
Box12,1.0,7.878787878787879,0.15715431201094543
Box12,1.0,7.979797979797979,0.1623567850285793
Box12,1.0,8.080808080808081,0.1675417098087811
Box12,1.0,8.181818181818182,0.1727087697233399
Box12,1.0,8.282828282828282,0.17785764814404476
Box12,1.0,8.383838383838384,0.18298802844268486
Box12,1.0,8.484848484848484,0.18809959399104909
Box12,1.0,8.585858585858587,0.19319202816092682
Box12,1.0,8.686868686868687,0.19826501432410681
Box12,1.0,8.787878787878787,0.20331823585237832
Box12,1.0,8.88888888888889,0.20835137611753052
Box12,1.0,8.98989898989899,0.21336411849135226
Box12,1.0,9.09090909090909,0.21835614634563277
Box12,1.0,9.191919191919192,0.22332714305216117
Box12,1.0,9.292929292929292,0.22827679198272643
Box12,1.0,9.393939393939394,0.23320477650911778
Box12,1.0,9.494949494949495,0.23811078000312408
Box12,1.0,9.595959595959595,0.24299448583653455
Box12,1.0,9.696969696969697,0.24785557738113842
Box12,1.0,9.797979797979798,0.25269373800872447
Box12,1.0,9.8989898989899,0.25750865109108206
Box12,1.0,10.0,0.26230000000000003
Standard3,0.2,0.0,0.1805
Standard3,0.2,0.10101010101010101,0.1810952935698744
Standard3,0.2,0.20202020202020202,0.18168453677108234
Standard3,0.2,0.30303030303030304,0.18226671273494047
Standard3,0.2,0.40404040404040403,0.18284080459276528
Standard3,0.2,0.5050505050505051,0.18340579547587332
Standard3,0.2,0.6060606060606061,0.18396066851558127
Standard3,0.2,0.7070707070707071,0.1845044068432056
Standard3,0.2,0.8080808080808081,0.1850359935900629
Standard3,0.2,0.9090909090909091,0.18555441188746974
Standard3,0.2,1.0101010101010102,0.18605864486674267
Standard3,0.2,1.1111111111111112,0.18654767565919828
Standard3,0.2,1.2121212121212122,0.18702048739615315
Standard3,0.2,1.3131313131313131,0.1874760632089238
Standard3,0.2,1.4141414141414141,0.1879133862288268
Standard3,0.2,1.5151515151515151,0.18833143958717877
Standard3,0.2,1.6161616161616161,0.18872920641529628
Standard3,0.2,1.7171717171717171,0.1891056698444958
Standard3,0.2,1.8181818181818181,0.189459813006094
Standard3,0.2,1.9191919191919191,0.18979061903140737
Standard3,0.2,2.0202020202020203,0.19009707105175253
Standard3,0.2,2.121212121212121,0.19037815219844606
Standard3,0.2,2.2222222222222223,0.19063284560280444
Standard3,0.2,2.323232323232323,0.19086013439614433
Standard3,0.2,2.4242424242424243,0.1910590017097822
Standard3,0.2,2.525252525252525,0.19122843067503473
Standard3,0.2,2.6262626262626263,0.19136740442321845
Standard3,0.2,2.727272727272727,0.19147490608564988
Standard3,0.2,2.8282828282828283,0.1915499187936456
Standard3,0.2,2.929292929292929,0.19159142567852222
Standard3,0.2,3.0303030303030303,0.1916
Standard3,0.2,3.131313131313131,0.1916
Standard3,0.2,3.2323232323232323,0.1916
Standard3,0.2,3.3333333333333335,0.1916
Standard3,0.2,3.4343434343434343,0.1916
Standard3,0.2,3.5353535353535355,0.1916
Standard3,0.2,3.6363636363636362,0.1916
Standard3,0.2,3.7373737373737375,0.1916
Standard3,0.2,3.8383838383838382,0.1916
Standard3,0.2,3.9393939393939394,0.1916
Standard3,0.2,4.040404040404041,0.1916
Standard3,0.2,4.141414141414141,0.1916
Standard3,0.2,4.242424242424242,0.1916
Standard3,0.2,4.343434343434343,0.1916
Standard3,0.2,4.444444444444445,0.1916
Standard3,0.2,4.545454545454545,0.1916
Standard3,0.2,4.646464646464646,0.1916
Standard3,0.2,4.747474747474747,0.1916
Standard3,0.2,4.848484848484849,0.1916
Standard3,0.2,4.94949494949495,0.1916
Standard3,0.2,5.05050505050505,0.1916
Standard3,0.2,5.151515151515151,0.1916
Standard3,0.2,5.252525252525253,0.1916
Standard3,0.2,5.353535353535354,0.1916
Standard3,0.2,5.454545454545454,0.1916
Standard3,0.2,5.555555555555555,0.1916
Standard3,0.2,5.656565656565657,0.1916
Standard3,0.2,5.757575757575758,0.1916
Standard3,0.2,5.858585858585858,0.1916
Standard3,0.2,5.959595959595959,0.1916
Standard3,0.2,6.0606060606060606,0.1916
Standard3,0.2,6.161616161616162,0.1916
Standard3,0.2,6.262626262626262,0.1916
Standard3,0.2,6.363636363636363,0.1916
Standard3,0.2,6.4646464646464645,0.1916
Standard3,0.2,6.565656565656566,0.1916
Standard3,0.2,6.666666666666667,0.1916
Standard3,0.2,6.767676767676767,0.1916
Standard3,0.2,6.8686868686868685,0.1916
Standard3,0.2,6.96969696969697,0.1916
Standard3,0.2,7.070707070707071,0.1916
Standard3,0.2,7.171717171717171,0.1916
Standard3,0.2,7.2727272727272725,0.1916
Standard3,0.2,7.373737373737374,0.1916
Standard3,0.2,7.474747474747475,0.1916
Standard3,0.2,7.575757575757575,0.1916
Standard3,0.2,7.6767676767676765,0.1916
Standard3,0.2,7.777777777777778,0.1916
Standard3,0.2,7.878787878787879,0.1916
Standard3,0.2,7.979797979797979,0.1916
Standard3,0.2,8.080808080808081,0.1916
Standard3,0.2,8.181818181818182,0.1916
Standard3,0.2,8.282828282828282,0.1916
Standard3,0.2,8.383838383838384,0.1916
Standard3,0.2,8.484848484848484,0.1916
Standard3,0.2,8.585858585858587,0.1916
Standard3,0.2,8.686868686868687,0.1916
Standard3,0.2,8.787878787878787,0.1916
Standard3,0.2,8.88888888888889,0.1916
Standard3,0.2,8.98989898989899,0.1916
Standard3,0.2,9.09090909090909,0.1916
Standard3,0.2,9.191919191919192,0.1916
Standard3,0.2,9.292929292929292,0.1916
Standard3,0.2,9.393939393939394,0.1916
Standard3,0.2,9.494949494949495,0.1916
Standard3,0.2,9.595959595959595,0.1916
Standard3,0.2,9.696969696969697,0.1916
Standard3,0.2,9.797979797979798,0.1916
Standard3,0.2,9.8989898989899,0.1916
Standard3,0.2,10.0,0.1916
Standard3,0.5,0.0,0.0482
Standard3,0.5,0.10101010101010101,0.05335135883603573
Standard3,0.5,0.20202020202020202,0.058429469802425076
Standard3,0.5,0.30303030303030304,0.0634320007482074
Standard3,0.5,0.40404040404040403,0.06835661952242211
Standard3,0.5,0.5050505050505051,0.07320099397410855
Standard3,0.5,0.6060606060606061,0.0779627919523061
Standard3,0.5,0.7070707070707071,0.08263968130605416
Standard3,0.5,0.8080808080808081,0.0872293298843921
Standard3,0.5,0.9090909090909091,0.09172940553635926
Standard3,0.5,1.0101010101010102,0.09613757611099506
Standard3,0.5,1.1111111111111112,0.10045150945733888
Standard3,0.5,1.2121212121212122,0.10466887342443008
Standard3,0.5,1.3131313131313131,0.10878733586130802
Standard3,0.5,1.4141414141414141,0.11280456461701213
Standard3,0.5,1.5151515151515151,0.11671822754058173
Standard3,0.5,1.6161616161616161,0.12052599248105622
Standard3,0.5,1.7171717171717171,0.124225527287475
Standard3,0.5,1.8181818181818181,0.1278144998088774
Standard3,0.5,1.9191919191919191,0.13129057789430282
Standard3,0.5,2.0202020202020203,0.13465142939279068
Standard3,0.5,2.121212121212121,0.13789472215338028
Standard3,0.5,2.2222222222222223,0.14101812402511105
Standard3,0.5,2.323232323232323,0.14401930285702236
Standard3,0.5,2.4242424242424243,0.14689592649815358
Standard3,0.5,2.525252525252525,0.14964566279754404
Standard3,0.5,2.6262626262626263,0.1522661796042332
Standard3,0.5,2.727272727272727,0.15475514476726038
Standard3,0.5,2.8282828282828283,0.157110226135665
Standard3,0.5,2.929292929292929,0.15932909155848643
Standard3,0.5,3.0303030303030303,0.16141633624594243
Standard3,0.5,3.131313131313131,0.16347642433992834
Standard3,0.5,3.2323232323232323,0.16553658167822002
Standard3,0.5,3.3333333333333335,0.16758559301256526
Standard3,0.5,3.4343434343434343,0.169612243094712
Standard3,0.5,3.5353535353535355,0.171605316676408
Standard3,0.5,3.6363636363636362,0.1735535985094011
Standard3,0.5,3.7373737373737375,0.1754458733454392
Standard3,0.5,3.8383838383838382,0.17727092593627009
Standard3,0.5,3.9393939393939394,0.17901754103364165
Standard3,0.5,4.040404040404041,0.18067450338930163
Standard3,0.5,4.141414141414141,0.18223059775499797
Standard3,0.5,4.242424242424242,0.18367460888247847
Standard3,0.5,4.343434343434343,0.184995321523491
Standard3,0.5,4.444444444444445,0.18618152042978334
Standard3,0.5,4.545454545454545,0.18722199035310336
Standard3,0.5,4.646464646464646,0.1881055160451989
Standard3,0.5,4.747474747474747,0.18882088225781782
Standard3,0.5,4.848484848484849,0.18935687374270793
Standard3,0.5,4.94949494949495,0.1897022752516171
Standard3,0.5,5.05050505050505,0.18987102988460525
Standard3,0.5,5.151515151515151,0.1900071432341308
Standard3,0.5,5.252525252525253,0.19013547254128385
Standard3,0.5,5.353535353535354,0.1902561912267132
Standard3,0.5,5.454545454545454,0.1903694727110677
Standard3,0.5,5.555555555555555,0.19047549041499615
Standard3,0.5,5.656565656565657,0.19057441775914732
Standard3,0.5,5.757575757575758,0.19066642816417012
Standard3,0.5,5.858585858585858,0.1907516950507133
Standard3,0.5,5.959595959595959,0.19083039183942568
Standard3,0.5,6.0606060606060606,0.19090269195095616
Standard3,0.5,6.161616161616162,0.1909687688059535
Standard3,0.5,6.262626262626262,0.19102879582506652
Standard3,0.5,6.363636363636363,0.19108294642894405
Standard3,0.5,6.4646464646464645,0.19113139403823493
Standard3,0.5,6.565656565656566,0.19117431207358793
Standard3,0.5,6.666666666666667,0.19121187395565192
Standard3,0.5,6.767676767676767,0.19124425310507567
Standard3,0.5,6.8686868686868685,0.19127162294250805
Standard3,0.5,6.96969696969697,0.19129415688859785
Standard3,0.5,7.070707070707071,0.19131302763469638
Standard3,0.5,7.171717171717171,0.19133121626664035
Standard3,0.5,7.2727272727272725,0.19134889941695488
Standard3,0.5,7.373737373737374,0.19136606743254211
Standard3,0.5,7.474747474747475,0.19138271066030424
Standard3,0.5,7.575757575757575,0.1913988194471434
Standard3,0.5,7.6767676767676765,0.19141438413996176
Standard3,0.5,7.777777777777778,0.19142939508566142
Standard3,0.5,7.878787878787879,0.19144384263114467
Standard3,0.5,7.979797979797979,0.1914577171233135
Standard3,0.5,8.080808080808081,0.19147100890907018
Standard3,0.5,8.181818181818182,0.19148370833531683
Standard3,0.5,8.282828282828282,0.1914958057489556
Standard3,0.5,8.383838383838384,0.19150729149688864
Standard3,0.5,8.484848484848484,0.19151815592601815
Standard3,0.5,8.585858585858587,0.19152838938324626
Standard3,0.5,8.686868686868687,0.1915379822154751
Standard3,0.5,8.787878787878787,0.19154692476960689
Standard3,0.5,8.88888888888889,0.19155520739254372
Standard3,0.5,8.98989898989899,0.19156282043118775
Standard3,0.5,9.09090909090909,0.19156975423244121
Standard3,0.5,9.191919191919192,0.1915759991432062
Standard3,0.5,9.292929292929292,0.1915815455103848
Standard3,0.5,9.393939393939394,0.19158638368087935
Standard3,0.5,9.494949494949495,0.19159050400159186
Standard3,0.5,9.595959595959595,0.19159389681942451
Standard3,0.5,9.696969696969697,0.19159655248127955
Standard3,0.5,9.797979797979798,0.19159846133405897
Standard3,0.5,9.8989898989899,0.1915996137246651
Standard3,0.5,10.0,0.19160000000000002
Standard3,1.0,0.0,0.0007
Standard3,1.0,0.10101010101010101,0.0009631228900103442
Standard3,1.0,0.20202020202020202,0.0013596181535377883
Standard3,1.0,0.30303030303030304,0.0018850241656754366
Standard3,1.0,0.40404040404040403,0.0025348793015163937
Standard3,1.0,0.5050505050505051,0.0033047219361537644
Standard3,1.0,0.6060606060606061,0.004190090444680652
Standard3,1.0,0.7070707070707071,0.005186523202190163
Standard3,1.0,0.8080808080808081,0.0062895585837754
Standard3,1.0,0.9090909090909091,0.00749473496452947
Standard3,1.0,1.0101010101010102,0.008797590719545475
Standard3,1.0,1.1111111111111112,0.01019366422391652
Standard3,1.0,1.2121212121212122,0.011678493852735712
Standard3,1.0,1.3131313131313131,0.01324761798109615
Standard3,1.0,1.4141414141414141,0.014896574984090942
Standard3,1.0,1.5151515151515151,0.016620903236813193
Standard3,1.0,1.6161616161616161,0.01841614111435601
Standard3,1.0,1.7171717171717171,0.02027782699181249
Standard3,1.0,1.8181818181818181,0.022201499244275745
Standard3,1.0,1.9191919191919191,0.02418269624683888
Standard3,1.0,2.0202020202020203,0.026216956374595
Standard3,1.0,2.121212121212121,0.02829981800263719
Standard3,1.0,2.2222222222222223,0.030426819506058578
Standard3,1.0,2.323232323232323,0.032593499259952266
Standard3,1.0,2.4242424242424243,0.03479539563941134
Standard3,1.0,2.525252525252525,0.03702804701952893
Standard3,1.0,2.6262626262626263,0.03928699177539812
Standard3,1.0,2.727272727272727,0.041567768282112026
Standard3,1.0,2.8282828282828283,0.04386591491476376
Standard3,1.0,2.929292929292929,0.046176970048446384
Standard3,1.0,3.0303030303030303,0.04851335931407748
Standard3,1.0,3.131313131313131,0.05112877780904017
Standard3,1.0,3.2323232323232323,0.05408368822210618
Standard3,1.0,3.3333333333333335,0.05734420887848489
Standard3,1.0,3.4343434343434343,0.0608764581033857
Standard3,1.0,3.5353535353535355,0.06464655422201801
Standard3,1.0,3.6363636363636362,0.06862061555959123
Standard3,1.0,3.7373737373737375,0.07276476044131477
Standard3,1.0,3.8383838383838382,0.077045107192398
Standard3,1.0,3.9393939393939394,0.08142777413805036
Standard3,1.0,4.040404040404041,0.08587887960348121
Standard3,1.0,4.141414141414141,0.09036454191389996
Standard3,1.0,4.242424242424242,0.09485087939451606
Standard3,1.0,4.343434343434343,0.09930401037053886
Standard3,1.0,4.444444444444445,0.10369005316717779
Standard3,1.0,4.545454545454545,0.10797512610964219
Standard3,1.0,4.646464646464646,0.11212534752314153
Standard3,1.0,4.747474747474747,0.11610683573288522
Standard3,1.0,4.848484848484849,0.11988570906408262
Standard3,1.0,4.94949494949495,0.12342808584194312
Standard3,1.0,5.05050505050505,0.12675174896338354
Standard3,1.0,5.151515151515151,0.13013581422173007
Standard3,1.0,5.252525252525253,0.1336057568329071
Standard3,1.0,5.353535353535354,0.13713572188978398
Standard3,1.0,5.454545454545454,0.14069985448523017
Standard3,1.0,5.555555555555555,0.1442722997121151
Standard3,1.0,5.656565656565657,0.14782720266330826
Standard3,1.0,5.757575757575758,0.15133870843167904
Standard3,1.0,5.858585858585858,0.15478096211009681
Standard3,1.0,5.959595959595959,0.15812810879143113
Standard3,1.0,6.0606060606060606,0.16135429356855138
Standard3,1.0,6.161616161616162,0.16443366153432695
Standard3,1.0,6.262626262626262,0.1673403577816273
Standard3,1.0,6.363636363636363,0.17004852740332188
Standard3,1.0,6.4646464646464645,0.17253231549228018
Standard3,1.0,6.565656565656566,0.17476586714137154
Standard3,1.0,6.666666666666667,0.1767233274434654
Standard3,1.0,6.767676767676767,0.17837884149143118
Standard3,1.0,6.8686868686868685,0.17970655437813846
Standard3,1.0,6.96969696969697,0.1806806111964565
Standard3,1.0,7.070707070707071,0.18136710253734234
Standard3,1.0,7.171717171717171,0.18201892743481504
Standard3,1.0,7.2727272727272725,0.18265227148254046
Standard3,1.0,7.373737373737374,0.18326681535934547
Standard3,1.0,7.474747474747475,0.18386223974405683
Standard3,1.0,7.575757575757575,0.18443822531550152
Standard3,1.0,7.6767676767676765,0.18499445275250634
Standard3,1.0,7.777777777777778,0.18553060273389818
Standard3,1.0,7.878787878787879,0.18604635593850388
Standard3,1.0,7.979797979797979,0.18654139304515033
Standard3,1.0,8.080808080808081,0.18701539473266438
Standard3,1.0,8.181818181818182,0.18746804167987283
Standard3,1.0,8.282828282828282,0.18789901456560265
Standard3,1.0,8.383838383838384,0.18830799406868065
Standard3,1.0,8.484848484848484,0.18869466086793366
Standard3,1.0,8.585858585858587,0.18905869564218858
Standard3,1.0,8.686868686868687,0.18939977907027225
Standard3,1.0,8.787878787878787,0.18971759183101156
Standard3,1.0,8.88888888888889,0.19001181460323338
Standard3,1.0,8.98989898989899,0.19028212806576453
Standard3,1.0,9.09090909090909,0.1905282128974319
Standard3,1.0,9.191919191919192,0.19074974977706236
Standard3,1.0,9.292929292929292,0.19094641938348272
Standard3,1.0,9.393939393939394,0.19111790239551993
Standard3,1.0,9.494949494949495,0.19126387949200077
Standard3,1.0,9.595959595959595,0.19138403135175208
Standard3,1.0,9.696969696969697,0.19147803865360086
Standard3,1.0,9.797979797979798,0.19154558207637384
Standard3,1.0,9.8989898989899,0.19158634229889793
Standard3,1.0,10.0,0.1916
Standard6,0.2,0.0,0.2337
Standard6,0.2,0.10101010101010101,0.23422557450313233
Standard6,0.2,0.20202020202020202,0.23474580723933397
Standard6,0.2,0.30303030303030304,0.23525980043265013
Standard6,0.2,0.40404040404040403,0.2357666563071261
Standard6,0.2,0.5050505050505051,0.2362654770868071
Standard6,0.2,0.6060606060606061,0.2367553649957384
Standard6,0.2,0.7070707070707071,0.2372354222579653
Standard6,0.2,0.8080808080808081,0.237704751097533
Standard6,0.2,0.9090909090909091,0.23816245373848677
Standard6,0.2,1.0101010101010102,0.2386076324048719
Standard6,0.2,1.1111111111111112,0.2390393893207336
Standard6,0.2,1.2121212121212122,0.23945682671011717
Standard6,0.2,1.3131313131313131,0.23985904679706785
Standard6,0.2,1.4141414141414141,0.24024515180563089
Standard6,0.2,1.5151515151515151,0.24061424395985154
Standard6,0.2,1.6161616161616161,0.2409654254837751
Standard6,0.2,1.7171717171717171,0.24129779860144673
Standard6,0.2,1.8181818181818181,0.24161046553691184
Standard6,0.2,1.9191919191919191,0.24190252851421554
Standard6,0.2,2.0202020202020203,0.24217308975740315
Standard6,0.2,2.121212121212121,0.24242125149051993
Standard6,0.2,2.2222222222222223,0.24264611593761112
Standard6,0.2,2.323232323232323,0.242846785322722
Standard6,0.2,2.4242424242424243,0.24302236186989784
Standard6,0.2,2.525252525252525,0.24317194780318385
Standard6,0.2,2.6262626262626263,0.24329464534662532
Standard6,0.2,2.727272727272727,0.24338955672426746
Standard6,0.2,2.8282828282828283,0.2434557841601556
Standard6,0.2,2.929292929292929,0.24349242987833494
Standard6,0.2,3.0303030303030303,0.2435
Standard6,0.2,3.131313131313131,0.2435
Standard6,0.2,3.2323232323232323,0.2435
Standard6,0.2,3.3333333333333335,0.2435
Standard6,0.2,3.4343434343434343,0.2435
Standard6,0.2,3.5353535353535355,0.2435
Standard6,0.2,3.6363636363636362,0.2435
Standard6,0.2,3.7373737373737375,0.2435
Standard6,0.2,3.8383838383838382,0.2435
Standard6,0.2,3.9393939393939394,0.2435
Standard6,0.2,4.040404040404041,0.2435
Standard6,0.2,4.141414141414141,0.2435
Standard6,0.2,4.242424242424242,0.2435
Standard6,0.2,4.343434343434343,0.2435
Standard6,0.2,4.444444444444445,0.2435
Standard6,0.2,4.545454545454545,0.2435
Standard6,0.2,4.646464646464646,0.2435
Standard6,0.2,4.747474747474747,0.2435
Standard6,0.2,4.848484848484849,0.2435
Standard6,0.2,4.94949494949495,0.2435
Standard6,0.2,5.05050505050505,0.2435
Standard6,0.2,5.151515151515151,0.2435
Standard6,0.2,5.252525252525253,0.2435
Standard6,0.2,5.353535353535354,0.2435
Standard6,0.2,5.454545454545454,0.2435
Standard6,0.2,5.555555555555555,0.2435
Standard6,0.2,5.656565656565657,0.2435
Standard6,0.2,5.757575757575758,0.2435
Standard6,0.2,5.858585858585858,0.2435
Standard6,0.2,5.959595959595959,0.2435
Standard6,0.2,6.0606060606060606,0.2435
Standard6,0.2,6.161616161616162,0.2435
Standard6,0.2,6.262626262626262,0.2435
Standard6,0.2,6.363636363636363,0.2435
Standard6,0.2,6.4646464646464645,0.2435
Standard6,0.2,6.565656565656566,0.2435
Standard6,0.2,6.666666666666667,0.2435
Standard6,0.2,6.767676767676767,0.2435
Standard6,0.2,6.8686868686868685,0.2435
Standard6,0.2,6.96969696969697,0.2435
Standard6,0.2,7.070707070707071,0.2435
Standard6,0.2,7.171717171717171,0.2435
Standard6,0.2,7.2727272727272725,0.2435
Standard6,0.2,7.373737373737374,0.2435
Standard6,0.2,7.474747474747475,0.2435
Standard6,0.2,7.575757575757575,0.2435
Standard6,0.2,7.6767676767676765,0.2435
Standard6,0.2,7.777777777777778,0.2435
Standard6,0.2,7.878787878787879,0.2435
Standard6,0.2,7.979797979797979,0.2435
Standard6,0.2,8.080808080808081,0.2435
Standard6,0.2,8.181818181818182,0.2435
Standard6,0.2,8.282828282828282,0.2435
Standard6,0.2,8.383838383838384,0.2435
Standard6,0.2,8.484848484848484,0.2435
Standard6,0.2,8.585858585858587,0.2435
Standard6,0.2,8.686868686868687,0.2435
Standard6,0.2,8.787878787878787,0.2435
Standard6,0.2,8.88888888888889,0.2435
Standard6,0.2,8.98989898989899,0.2435
Standard6,0.2,9.09090909090909,0.2435
Standard6,0.2,9.191919191919192,0.2435
Standard6,0.2,9.292929292929292,0.2435
Standard6,0.2,9.393939393939394,0.2435
Standard6,0.2,9.494949494949495,0.2435
Standard6,0.2,9.595959595959595,0.2435
Standard6,0.2,9.696969696969697,0.2435
Standard6,0.2,9.797979797979798,0.2435
Standard6,0.2,9.8989898989899,0.2435
Standard6,0.2,10.0,0.2435
Standard6,0.5,0.0,0.0472
Standard6,0.5,0.10101010101010101,0.05524324236361796
Standard6,0.5,0.20202020202020202,0.06317341502176049
Standard6,0.5,0.30303030303030304,0.07098411561828988
Standard6,0.5,0.40404040404040403,0.07866894179706838
Standard6,0.5,0.5050505050505051,0.08622149120195828
Standard6,0.5,0.6060606060606061,0.09363536147682185
Standard6,0.5,0.7070707070707071,0.10090415026552137
Standard6,0.5,0.8080808080808081,0.10802145521191911
Standard6,0.5,0.9090909090909091,0.11498087395987734
Standard6,0.5,1.0101010101010102,0.12177600415325836
Standard6,0.5,1.1111111111111112,0.12840044343592444
Standard6,0.5,1.2121212121212122,0.1348477894517378
Standard6,0.5,1.3131313131313131,0.14111163984456077
Standard6,0.5,1.4141414141414141,0.14718559225825562
Standard6,0.5,1.5151515151515151,0.15306324433668464
Standard6,0.5,1.6161616161616161,0.15873819372371
Standard6,0.5,1.7171717171717171,0.16420403806319417
Standard6,0.5,1.8181818181818181,0.16945437499899924
Standard6,0.5,1.9191919191919191,0.17448280217498757
Standard6,0.5,2.0202020202020203,0.17928291723502146
Standard6,0.5,2.121212121212121,0.18384831782296307
Standard6,0.5,2.2222222222222223,0.18817260158267482
Standard6,0.5,2.323232323232323,0.1922493661580189
Standard6,0.5,2.4242424242424243,0.1960722091928576
Standard6,0.5,2.525252525252525,0.19963472833105317
Standard6,0.5,2.6262626262626263,0.20293052121646799
Standard6,0.5,2.727272727272727,0.20595318549296415
Standard6,0.5,2.8282828282828283,0.2086963188044041
Standard6,0.5,2.929292929292929,0.21115351879465002
Standard6,0.5,3.0303030303030303,0.21332967015002519
Standard6,0.5,3.131313131313131,0.21539703016985373
Standard6,0.5,3.2323232323232323,0.2174125235550828
Standard6,0.5,3.3333333333333335,0.2193717901072489
Standard6,0.5,3.4343434343434343,0.22127046962788852
Standard6,0.5,3.5353535353535355,0.22310420191853822
Standard6,0.5,3.6363636363636362,0.22486862678073452
Standard6,0.5,3.7373737373737375,0.2265593840160139
Standard6,0.5,3.8383838383838382,0.22817211342591281
Standard6,0.5,3.9393939393939394,0.22970245481196788
Standard6,0.5,4.040404040404041,0.23114604797571556
Standard6,0.5,4.141414141414141,0.23249853271869236
Standard6,0.5,4.242424242424242,0.23375554884243485
Standard6,0.5,4.343434343434343,0.23491273614847946
Standard6,0.5,4.444444444444445,0.23596573443836275
Standard6,0.5,4.545454545454545,0.23691018351362123
Standard6,0.5,4.646464646464646,0.2377417231757914
Standard6,0.5,4.747474747474747,0.23845599322640976
Standard6,0.5,4.848484848484849,0.23904863346701286
Standard6,0.5,4.94949494949495,0.23951528369913722
Standard6,0.5,5.05050505050505,0.2398669984043478
Standard6,0.5,5.151515151515151,0.24019326874880967
Standard6,0.5,5.252525252525253,0.2405086331632572
Standard6,0.5,5.353535353535354,0.24081236687444707
Standard6,0.5,5.454545454545454,0.2411037451091358
Standard6,0.5,5.555555555555555,0.24138204309408012
Standard6,0.5,5.656565656565657,0.24164653605603673
Standard6,0.5,5.757575757575758,0.24189649922176218
Standard6,0.5,5.858585858585858,0.2421312078180132
Standard6,0.5,5.959595959595959,0.24234993707154642
Standard6,0.5,6.0606060606060606,0.24255196220911848
Standard6,0.5,6.161616161616162,0.24273655845748607
Standard6,0.5,6.262626262626262,0.24290300104340576
Standard6,0.5,6.363636363636363,0.2430505651936343
Standard6,0.5,6.4646464646464645,0.2431785261349283
Standard6,0.5,6.565656565656566,0.2432861590940444
Standard6,0.5,6.666666666666667,0.2433727392977393
Standard6,0.5,6.767676767676767,0.24343754197276957
Standard6,0.5,6.8686868686868685,0.24347984234589196
Standard6,0.5,6.96969696969697,0.24349891564386308
Standard6,0.5,7.070707070707071,0.2435
Standard6,0.5,7.171717171717171,0.2435
Standard6,0.5,7.2727272727272725,0.2435
Standard6,0.5,7.373737373737374,0.2435
Standard6,0.5,7.474747474747475,0.2435
Standard6,0.5,7.575757575757575,0.2435
Standard6,0.5,7.6767676767676765,0.2435
Standard6,0.5,7.777777777777778,0.2435
Standard6,0.5,7.878787878787879,0.2435
Standard6,0.5,7.979797979797979,0.2435
Standard6,0.5,8.080808080808081,0.2435
Standard6,0.5,8.181818181818182,0.2435
Standard6,0.5,8.282828282828282,0.2435
Standard6,0.5,8.383838383838384,0.2435
Standard6,0.5,8.484848484848484,0.2435
Standard6,0.5,8.585858585858587,0.2435
Standard6,0.5,8.686868686868687,0.2435
Standard6,0.5,8.787878787878787,0.2435
Standard6,0.5,8.88888888888889,0.2435
Standard6,0.5,8.98989898989899,0.2435
Standard6,0.5,9.09090909090909,0.2435
Standard6,0.5,9.191919191919192,0.2435
Standard6,0.5,9.292929292929292,0.2435
Standard6,0.5,9.393939393939394,0.2435
Standard6,0.5,9.494949494949495,0.2435
Standard6,0.5,9.595959595959595,0.2435
Standard6,0.5,9.696969696969697,0.2435
Standard6,0.5,9.797979797979798,0.2435
Standard6,0.5,9.8989898989899,0.2435
Standard6,0.5,10.0,0.2435
Standard6,1.0,0.0,0.0012
Standard6,1.0,0.10101010101010101,0.0012696509129392858
Standard6,1.0,0.20202020202020202,0.0014761327425620132
Standard6,1.0,0.30303030303030304,0.001815739125075487
Standard6,1.0,0.40404040404040403,0.0022847636966870128
Standard6,1.0,0.5050505050505051,0.002879500093603894
Standard6,1.0,0.6060606060606061,0.003596241952033435
Standard6,1.0,0.7070707070707071,0.004431282908182942
Standard6,1.0,0.8080808080808081,0.005380916598259719
Standard6,1.0,0.9090909090909091,0.006441436658471071
Standard6,1.0,1.0101010101010102,0.007609136725024305
Standard6,1.0,1.1111111111111112,0.008880310434126721
Standard6,1.0,1.2121212121212122,0.010251251421985626
Standard6,1.0,1.3131313131313131,0.011718253324808326
Standard6,1.0,1.4141414141414141,0.013277609778802123
Standard6,1.0,1.5151515151515151,0.014925614420174326
Standard6,1.0,1.6161616161616161,0.016658560885132234
Standard6,1.0,1.7171717171717171,0.018472742809883157
Standard6,1.0,1.8181818181818181,0.0203644538306344
Standard6,1.0,1.9191919191919191,0.022329987583593263
Standard6,1.0,2.0202020202020203,0.02436563770496706
Standard6,1.0,2.121212121212121,0.026467697830963078
Standard6,1.0,2.2222222222222223,0.028632461597788643
Standard6,1.0,2.323232323232323,0.03085622264165104
Standard6,1.0,2.4242424242424243,0.03313527459875759
Standard6,1.0,2.525252525252525,0.035465911105315585
Standard6,1.0,2.6262626262626263,0.03784442579753235
Standard6,1.0,2.727272727272727,0.04026711231161516
Standard6,1.0,2.8282828282828283,0.04273026428377134
Standard6,1.0,2.929292929292929,0.045230175350208186
Standard6,1.0,3.0303030303030303,0.047798077102240155
Standard6,1.0,3.131313131313131,0.050962087389890026
Standard6,1.0,3.2323232323232323,0.054845404516729
Standard6,1.0,3.3333333333333335,0.05937537864721906
Standard6,1.0,3.4343434343434343,0.06447935994582218
Standard6,1.0,3.5353535353535355,0.07008469857700039
Standard6,1.0,3.6363636363636362,0.07611874470521565
Standard6,1.0,3.7373737373737375,0.08250884849493001
Standard6,1.0,3.8383838383838382,0.08918236011060537
Standard6,1.0,3.9393939393939394,0.09606662971670385
Standard6,1.0,4.040404040404041,0.10308900747768736
Standard6,1.0,4.141414141414141,0.11017684355801785
Standard6,1.0,4.242424242424242,0.11725748812215744
Standard6,1.0,4.343434343434343,0.12425829133456809
Standard6,1.0,4.444444444444445,0.13110660335971172
Standard6,1.0,4.545454545454545,0.1377297743620503
Standard6,1.0,4.646464646464646,0.14405515450604606
Standard6,1.0,4.747474747474747,0.15001009395616074
Standard6,1.0,4.848484848484849,0.15552194287685647
Standard6,1.0,4.94949494949495,0.16051805143259518
Standard6,1.0,5.05050505050505,0.16501880492617022
Standard6,1.0,5.151515151515151,0.16952561983706305
Standard6,1.0,5.252525252525253,0.17409940104092458
Standard6,1.0,5.353535353535354,0.17870977999563345
Standard6,1.0,5.454545454545454,0.18332638815906807
Standard6,1.0,5.555555555555555,0.1879188569891072
Standard6,1.0,5.656565656565657,0.19245681794362934
Standard6,1.0,5.757575757575758,0.1969099024805131
Standard6,1.0,5.858585858585858,0.20124774205763699
Standard6,1.0,5.959595959595959,0.20543996813287962
Standard6,1.0,6.0606060606060606,0.2094562121641196
Standard6,1.0,6.161616161616162,0.21326610560923556
Standard6,1.0,6.262626262626262,0.2168392799261059
Standard6,1.0,6.363636363636363,0.2201453665726094
Standard6,1.0,6.4646464646464645,0.22315399700662453
Standard6,1.0,6.565656565656566,0.22583480268602987
Standard6,1.0,6.666666666666667,0.22815741506870402
Standard6,1.0,6.767676767676767,0.23009146561252555
Standard6,1.0,6.8686868686868685,0.23160658577537308
Standard6,1.0,6.96969696969697,0.23267240701512515
Standard6,1.0,7.070707070707071,0.23337507294187387
Standard6,1.0,7.171717171717171,0.23403639817873165
Standard6,1.0,7.2727272727272725,0.2346771396374184
Standard6,1.0,7.373737373737374,0.235297106707405
Standard6,1.0,7.474747474747475,0.23589610877816242
Standard6,1.0,7.575757575757575,0.23647395523916148
Standard6,1.0,7.6767676767676765,0.23703045547987314
Standard6,1.0,7.777777777777778,0.23756541888976826
Standard6,1.0,7.878787878787879,0.23807865485831783
Standard6,1.0,7.979797979797979,0.2385699727749927
Standard6,1.0,8.080808080808081,0.2390391820292638
Standard6,1.0,8.181818181818182,0.239486092010602
Standard6,1.0,8.282828282828282,0.2399105121084782
Standard6,1.0,8.383838383838384,0.2403122517123633
Standard6,1.0,8.484848484848484,0.2406911202117283
Standard6,1.0,8.585858585858587,0.24104692699604408
Standard6,1.0,8.686868686868687,0.24137948145478147
Standard6,1.0,8.787878787878787,0.24168859297741138
Standard6,1.0,8.88888888888889,0.24197407095340479
Standard6,1.0,8.98989898989899,0.24223572477223254
Standard6,1.0,9.09090909090909,0.2424733638233656
Standard6,1.0,9.191919191919192,0.24268679749627484
Standard6,1.0,9.292929292929292,0.24287583518043115
Standard6,1.0,9.393939393939394,0.24304028626530544
Standard6,1.0,9.494949494949495,0.2431799601403687
Standard6,1.0,9.595959595959595,0.2432946661950917
Standard6,1.0,9.696969696969697,0.24338421381894543
Standard6,1.0,9.797979797979798,0.2434484124014008
Standard6,1.0,9.8989898989899,0.24348707133192868
Standard6,1.0,10.0,0.24350000000000002
Standard12,0.2,0.0,0.2602
Standard12,0.2,0.10101010101010101,0.26194833967368514
Standard12,0.2,0.20202020202020202,0.2636789097961518
Standard12,0.2,0.30303030303030304,0.2653887238882035
Standard12,0.2,0.40404040404040403,0.26707479547064394
Standard12,0.2,0.5050505050505051,0.26873413806427665
Standard12,0.2,0.6060606060606061,0.27036376518990535
Standard12,0.2,0.7070707070707071,0.27196069036833354
Standard12,0.2,0.8080808080808081,0.27352192712036494
Standard12,0.2,0.9090909090909091,0.275044488966803
Standard12,0.2,1.0101010101010102,0.27652538942845145
Standard12,0.2,1.1111111111111112,0.2779616420261139
Standard12,0.2,1.2121212121212122,0.2793502602805939
Standard12,0.2,1.3131313131313131,0.2806882577126951
Standard12,0.2,1.4141414141414141,0.2819726478432211
Standard12,0.2,1.5151515151515151,0.2832004441929755
Standard12,0.2,1.6161616161616161,0.28436866028276203
Standard12,0.2,1.7171717171717171,0.2854743096333841
Standard12,0.2,1.8181818181818181,0.2865144057656454
Standard12,0.2,1.9191919191919191,0.2874859622003496
Standard12,0.2,2.0202020202020203,0.28838599245830027
Standard12,0.2,2.121212121212121,0.28921151006030094
Standard12,0.2,2.2222222222222223,0.2899595285271554
Standard12,0.2,2.323232323232323,0.2906270613796671
Standard12,0.2,2.4242424242424243,0.29121112213863976
Standard12,0.2,2.525252525252525,0.2917087243248769
Standard12,0.2,2.6262626262626263,0.2921168814591822
Standard12,0.2,2.727272727272727,0.2924326070623592
Standard12,0.2,2.8282828282828283,0.2926529146552115
Standard12,0.2,2.929292929292929,0.2927748177585428
Standard12,0.2,3.0303030303030303,0.2928
Standard12,0.2,3.131313131313131,0.2928
Standard12,0.2,3.2323232323232323,0.2928
Standard12,0.2,3.3333333333333335,0.2928
Standard12,0.2,3.4343434343434343,0.2928
Standard12,0.2,3.5353535353535355,0.2928
Standard12,0.2,3.6363636363636362,0.2928
Standard12,0.2,3.7373737373737375,0.2928
Standard12,0.2,3.8383838383838382,0.2928
Standard12,0.2,3.9393939393939394,0.2928
Standard12,0.2,4.040404040404041,0.2928
Standard12,0.2,4.141414141414141,0.2928
Standard12,0.2,4.242424242424242,0.2928
Standard12,0.2,4.343434343434343,0.2928
Standard12,0.2,4.444444444444445,0.2928
Standard12,0.2,4.545454545454545,0.2928
Standard12,0.2,4.646464646464646,0.2928
Standard12,0.2,4.747474747474747,0.2928
Standard12,0.2,4.848484848484849,0.2928
Standard12,0.2,4.94949494949495,0.2928
Standard12,0.2,5.05050505050505,0.2928
Standard12,0.2,5.151515151515151,0.2928
Standard12,0.2,5.252525252525253,0.2928
Standard12,0.2,5.353535353535354,0.2928
Standard12,0.2,5.454545454545454,0.2928
Standard12,0.2,5.555555555555555,0.2928
Standard12,0.2,5.656565656565657,0.2928
Standard12,0.2,5.757575757575758,0.2928
Standard12,0.2,5.858585858585858,0.2928
Standard12,0.2,5.959595959595959,0.2928
Standard12,0.2,6.0606060606060606,0.2928
Standard12,0.2,6.161616161616162,0.2928
Standard12,0.2,6.262626262626262,0.2928
Standard12,0.2,6.363636363636363,0.2928
Standard12,0.2,6.4646464646464645,0.2928
Standard12,0.2,6.565656565656566,0.2928
Standard12,0.2,6.666666666666667,0.2928
Standard12,0.2,6.767676767676767,0.2928
Standard12,0.2,6.8686868686868685,0.2928
Standard12,0.2,6.96969696969697,0.2928
Standard12,0.2,7.070707070707071,0.2928
Standard12,0.2,7.171717171717171,0.2928
Standard12,0.2,7.2727272727272725,0.2928
Standard12,0.2,7.373737373737374,0.2928
Standard12,0.2,7.474747474747475,0.2928
Standard12,0.2,7.575757575757575,0.2928
Standard12,0.2,7.6767676767676765,0.2928
Standard12,0.2,7.777777777777778,0.2928
Standard12,0.2,7.878787878787879,0.2928
Standard12,0.2,7.979797979797979,0.2928
Standard12,0.2,8.080808080808081,0.2928
Standard12,0.2,8.181818181818182,0.2928
Standard12,0.2,8.282828282828282,0.2928
Standard12,0.2,8.383838383838384,0.2928
Standard12,0.2,8.484848484848484,0.2928
Standard12,0.2,8.585858585858587,0.2928
Standard12,0.2,8.686868686868687,0.2928
Standard12,0.2,8.787878787878787,0.2928
Standard12,0.2,8.88888888888889,0.2928
Standard12,0.2,8.98989898989899,0.2928
Standard12,0.2,9.09090909090909,0.2928
Standard12,0.2,9.191919191919192,0.2928
Standard12,0.2,9.292929292929292,0.2928
Standard12,0.2,9.393939393939394,0.2928
Standard12,0.2,9.494949494949495,0.2928
Standard12,0.2,9.595959595959595,0.2928
Standard12,0.2,9.696969696969697,0.2928
Standard12,0.2,9.797979797979798,0.2928
Standard12,0.2,9.8989898989899,0.2928
Standard12,0.2,10.0,0.2928
Standard12,0.5,0.0,0.0344
Standard12,0.5,0.10101010101010101,0.04104080988837718
Standard12,0.5,0.20202020202020202,0.04761836155379786
Standard12,0.5,0.30303030303030304,0.05413250971386743
Standard12,0.5,0.40404040404040403,0.0605831090861913
Standard12,0.5,0.5050505050505051,0.06697001438837488
Standard12,0.5,0.6060606060606061,0.07329308033802356
Standard12,0.5,0.7070707070707071,0.07955216165274277
Standard12,0.5,0.8080808080808081,0.0857471130501379
Standard12,0.5,0.9090909090909091,0.09187778924781433
Standard12,0.5,1.0101010101010102,0.09794404496337751
Standard12,0.5,1.1111111111111112,0.10394573491443282
Standard12,0.5,1.2121212121212122,0.10988271381858565
Standard12,0.5,1.3131313131313131,0.11575483639344143
Standard12,0.5,1.4141414141414141,0.12156195735660556
Standard12,0.5,1.5151515151515151,0.12730393142568341
Standard12,0.5,1.6161616161616161,0.13298061331828046
Standard12,0.5,1.7171717171717171,0.13859185775200208
Standard12,0.5,1.8181818181818181,0.1441375194444536
Standard12,0.5,1.9191919191919191,0.14961745311324057
Standard12,0.5,2.0202020202020203,0.15503151347596825
Standard12,0.5,2.121212121212121,0.16037955525024208
Standard12,0.5,2.2222222222222223,0.16566143315366758
Standard12,0.5,2.323232323232323,0.17087700190385002
Standard12,0.5,2.4242424242424243,0.1760261162183949
Standard12,0.5,2.525252525252525,0.1811086308149075
Standard12,0.5,2.6262626262626263,0.18612440041099337
Standard12,0.5,2.727272727272727,0.1910732797242578
Standard12,0.5,2.8282828282828283,0.19595512347230623
Standard12,0.5,2.929292929292929,0.20076978637274406
Standard12,0.5,3.0303030303030303,0.2055300200679996
Standard12,0.5,3.131313131313131,0.21042700452088925
Standard12,0.5,3.2323232323232323,0.21549116652888176
Standard12,0.5,3.3333333333333335,0.22067919074333345
Standard12,0.5,3.4343434343434343,0.22594776181560058
Standard12,0.5,3.5353535353535355,0.23125356439703956
Standard12,0.5,3.6363636363636362,0.23655328313900661
Standard12,0.5,3.7373737373737375,0.24180360269285817
Standard12,0.5,3.8383838383838382,0.24696120770995048
Standard12,0.5,3.9393939393939394,0.25198278284163983
Standard12,0.5,4.040404040404041,0.25682501273928254
Standard12,0.5,4.141414141414141,0.26144458205423504
Standard12,0.5,4.242424242424242,0.2657981754378535
Standard12,0.5,4.343434343434343,0.2698424775414943
Standard12,0.5,4.444444444444445,0.27353417301651384
Standard12,0.5,4.545454545454545,0.27682994651426823
Standard12,0.5,4.646464646464646,0.279686482686114
Standard12,0.5,4.747474747474747,0.2820604661834074
Standard12,0.5,4.848484848484849,0.28390858165750477
Standard12,0.5,4.94949494949495,0.2851875137597623
Standard12,0.5,5.05050505050505,0.28593099967408203
Standard12,0.5,5.151515151515151,0.2865739436912003
Standard12,0.5,5.252525252525253,0.2871907276855128
Standard12,0.5,5.353535353535354,0.2877804481593258
Standard12,0.5,5.454545454545454,0.28834220161494567
Standard12,0.5,5.555555555555555,0.28887508455467875
Standard12,0.5,5.656565656565657,0.28937819348083116
Standard12,0.5,5.757575757575758,0.28985062489570956
Standard12,0.5,5.858585858585858,0.29029147530162003
Standard12,0.5,5.959595959595959,0.29069984120086884
Standard12,0.5,6.0606060606060606,0.29107481909576255
Standard12,0.5,6.161616161616162,0.2914155054886073
Standard12,0.5,6.262626262626262,0.29172099688170944
Standard12,0.5,6.363636363636363,0.2919903897773753
Standard12,0.5,6.4646464646464645,0.2922227806779113
Standard12,0.5,6.565656565656566,0.2924172660856236
Standard12,0.5,6.666666666666667,0.29257294250281846
Standard12,0.5,6.767676767676767,0.29268890643180245
Standard12,0.5,6.8686868686868685,0.29276425437488174
Standard12,0.5,6.96969696969697,0.2927980828343626
Standard12,0.5,7.070707070707071,0.2928
Standard12,0.5,7.171717171717171,0.2928
Standard12,0.5,7.2727272727272725,0.2928
Standard12,0.5,7.373737373737374,0.2928
Standard12,0.5,7.474747474747475,0.2928
Standard12,0.5,7.575757575757575,0.2928
Standard12,0.5,7.6767676767676765,0.2928
Standard12,0.5,7.777777777777778,0.2928
Standard12,0.5,7.878787878787879,0.2928
Standard12,0.5,7.979797979797979,0.2928
Standard12,0.5,8.080808080808081,0.2928
Standard12,0.5,8.181818181818182,0.2928
Standard12,0.5,8.282828282828282,0.2928
Standard12,0.5,8.383838383838384,0.2928
Standard12,0.5,8.484848484848484,0.2928
Standard12,0.5,8.585858585858587,0.2928
Standard12,0.5,8.686868686868687,0.2928
Standard12,0.5,8.787878787878787,0.2928
Standard12,0.5,8.88888888888889,0.2928
Standard12,0.5,8.98989898989899,0.2928
Standard12,0.5,9.09090909090909,0.2928
Standard12,0.5,9.191919191919192,0.2928
Standard12,0.5,9.292929292929292,0.2928
Standard12,0.5,9.393939393939394,0.2928
Standard12,0.5,9.494949494949495,0.2928
Standard12,0.5,9.595959595959595,0.2928
Standard12,0.5,9.696969696969697,0.2928
Standard12,0.5,9.797979797979798,0.2928
Standard12,0.5,9.8989898989899,0.2928
Standard12,0.5,10.0,0.2928
Standard12,1.0,0.0,0.0008
Standard12,1.0,0.10101010101010101,0.0008498603581858471
Standard12,1.0,0.20202020202020202,0.0009978485539123107
Standard12,1.0,0.30303030303030304,0.0012415752689327747
Standard12,1.0,0.40404040404040403,0.0015786511850006233
Standard12,1.0,0.5050505050505051,0.00200668698386924
Standard12,1.0,0.6060606060606061,0.0025232933472920096
Standard12,1.0,0.7070707070707071,0.0031260809570223145
Standard12,1.0,0.8080808080808081,0.00381266049481354
Standard12,1.0,0.9090909090909091,0.0045806426424190696
Standard12,1.0,1.0101010101010102,0.005427638081592288
Standard12,1.0,1.1111111111111112,0.006351257494086576
Standard12,1.0,1.2121212121212122,0.0073491115616553205
Standard12,1.0,1.3131313131313131,0.008418810966051904
Standard12,1.0,1.4141414141414141,0.009557966389029714
Standard12,1.0,1.5151515151515151,0.010764188512342128
Standard12,1.0,1.6161616161616161,0.012035088017742536
Standard12,1.0,1.7171717171717171,0.013368275586984316
Standard12,1.0,1.8181818181818181,0.014761361901820856
Standard12,1.0,1.9191919191919191,0.01621195764400554
Standard12,1.0,2.0202020202020203,0.017717673495291755
Standard12,1.0,2.121212121212121,0.01927612013743287
Standard12,1.0,2.2222222222222223,0.020884908252182297
Standard12,1.0,2.323232323232323,0.022541648521293388
Standard12,1.0,2.4242424242424243,0.02424395162651955
Standard12,1.0,2.525252525252525,0.02598942824961415
Standard12,1.0,2.6262626262626263,0.027775689072330592
Standard12,1.0,2.727272727272727,0.02960034477642224
Standard12,1.0,2.8282828282828283,0.03146100604364249
Standard12,1.0,2.929292929292929,0.03335528355574472
Standard12,1.0,3.0303030303030303,0.03530309424632052
Standard12,1.0,3.131313131313131,0.03764490318025641
Standard12,1.0,3.2323232323232323,0.040470133794798524
Standard12,1.0,3.3333333333333335,0.0437441291926758
Standard12,1.0,3.4343434343434343,0.04743223247661711
Standard12,1.0,3.5353535353535355,0.05149978674935142
Standard12,1.0,3.6363636363636362,0.055912135113607604
Standard12,1.0,3.7373737373737375,0.060634620672114614
Standard12,1.0,3.8383838383838382,0.06563258652760132
Standard12,1.0,3.9393939393939394,0.07087137578279669
Standard12,1.0,4.040404040404041,0.07631633154042962
Standard12,1.0,4.141414141414141,0.08193279690322898
Standard12,1.0,4.242424242424242,0.08768611497392377
Standard12,1.0,4.343434343434343,0.09354162885524286
Standard12,1.0,4.444444444444445,0.09946468164991516
Standard12,1.0,4.545454545454545,0.10542061646066957
Standard12,1.0,4.646464646464646,0.11137477639023505
Standard12,1.0,4.747474747474747,0.11729250454134053
Standard12,1.0,4.848484848484849,0.12313914401671486
Standard12,1.0,4.94949494949495,0.128880037919087
Standard12,1.0,5.05050505050505,0.13458120149926814
Standard12,1.0,5.151515151515151,0.14079311798003838
Standard12,1.0,5.252525252525253,0.14753352109285534
Standard12,1.0,5.353535353535354,0.1547173732246007
Standard12,1.0,5.454545454545454,0.1622596367621561
Standard12,1.0,5.555555555555555,0.17007527409240333
Standard12,1.0,5.656565656565657,0.17807924760222404
Standard12,1.0,5.757575757575758,0.18618651967849992
Standard12,1.0,5.858585858585858,0.19431205270811255
Standard12,1.0,5.959595959595959,0.2023708090779438
Standard12,1.0,6.0606060606060606,0.21027775117487527
Standard12,1.0,6.161616161616162,0.21794784138578865
Standard12,1.0,6.262626262626262,0.22529604209756549
Standard12,1.0,6.363636363636363,0.23223731569708772
Standard12,1.0,6.4646464646464645,0.23868662457123696
Standard12,1.0,6.565656565656566,0.24455893110689478
Standard12,1.0,6.666666666666667,0.24976919769094302
Standard12,1.0,6.767676767676767,0.25423238671026316
Standard12,1.0,6.8686868686868685,0.2578634605517371
Standard12,1.0,6.96969696969697,0.2605773816022464
Standard12,1.0,7.070707070707071,0.2625349053695412
Standard12,1.0,7.171717171717171,0.26440357939996956
Standard12,1.0,7.2727272727272725,0.26622589741653796
Standard12,1.0,7.373737373737374,0.2680004620709637
Standard12,1.0,7.474747474747475,0.2697258760149641
Standard12,1.0,7.575757575757575,0.2714007419002565
Standard12,1.0,7.6767676767676765,0.2730236623785584
Standard12,1.0,7.777777777777778,0.27459324010158703
Standard12,1.0,7.878787878787879,0.2761080777210597
Standard12,1.0,7.979797979797979,0.2775667778886938
Standard12,1.0,8.080808080808081,0.27896794325620683
Standard12,1.0,8.181818181818182,0.2803101764753158
Standard12,1.0,8.282828282828282,0.28159208019773846
Standard12,1.0,8.383838383838384,0.2828122570751919
Standard12,1.0,8.484848484848484,0.2839693097593935
Standard12,1.0,8.585858585858587,0.2850618409020607
Standard12,1.0,8.686868686868687,0.2860884531549107
Standard12,1.0,8.787878787878787,0.2870477491696611
Standard12,1.0,8.88888888888889,0.287938331598029
Standard12,1.0,8.98989898989899,0.2887588030917319
Standard12,1.0,9.09090909090909,0.28950776630248704
Standard12,1.0,9.191919191919192,0.29018382388201186
Standard12,1.0,9.292929292929292,0.2907855784820237
Standard12,1.0,9.393939393939394,0.2913116327542399
Standard12,1.0,9.494949494949495,0.29176058935037774
Standard12,1.0,9.595959595959595,0.2921310509221547
Standard12,1.0,9.696969696969697,0.2924216201212881
Standard12,1.0,9.797979797979798,0.2926308995994951
Standard12,1.0,9.8989898989899,0.2927574920084934
Standard12,1.0,10.0,0.29280000000000006
