name,seed,snr_db,reward,acc,delay,energy,backlog,vio,vio_excess,sec
causal,0,2,5.15063,0.214709,3.76681,0.747191,32801.8,0.504,0.946469,13.6845
causal,1,2,5.53376,0.220028,5.10194,0.604934,54022.5,0.43025,1.55445,13.761
causal,2,2,5.25157,0.22086,3.96983,0.696886,40015.3,0.555,0.918141,13.6565
ucb,0,2,4.48218,0.196772,3.77449,0.761781,38782.5,0.4795,0.968481,16.6302
ucb,1,2,3.95643,0.213426,7.39418,0.605739,102773,0.57525,3.16453,16.3233
ucb,2,2,4.01173,0.220739,9.84175,0.75935,143158,0.70475,3.2692,16.7242
dts,0,2,3.46244,0.218747,12.1461,0.771289,153297,0.74575,4.82942,15.6885
dts,1,2,3.71738,0.214185,13.0924,0.618153,193739,0.654,6.54051,15.8376
dts,2,2,3.39807,0.201327,20.5095,0.696993,193008,0.75375,9.95009,15.2308
gdo,0,2,2.17417,0.257361,124.461,0.785245,1.53486e+06,0.98225,59.3176,7.09718
gdo,1,2,2.36933,0.259436,138.681,0.622829,1.6685e+06,0.9805,68.4403,6.93917
gdo,2,2,2.14805,0.257759,132.657,0.681014,1.62518e+06,0.9795,62.0483,7.10284
rss,0,2,2.37198,0.212957,129.556,0.808352,1.06252e+06,0.92575,60.3907,7.61596
rss,1,2,3.57345,0.214729,141.961,0.672621,1.2712e+06,0.60325,69.4484,7.83028
rss,2,2,3.65816,0.21345,32.0128,0.90344,557378,0.6805,16.5926,10.6378
dqn,0,2,2.49311,0.224981,31.8324,0.836551,350712,0.91775,13.8997,18.3407
dqn,1,2,2.76122,0.224354,25.6906,0.69792,274078,0.85875,11.1134,17.757
dqn,2,2,2.59423,0.227609,28.418,0.794883,321663,0.88475,11.9645,17.6809
ppo,0,2,2.30665,0.22517,31.4051,0.856712,326716,0.925,13.5903,9.56482
ppo,1,2,2.38758,0.227275,35.7741,0.735202,374652,0.91,16.4092,9.2561
ppo,2,2,2.03919,0.227076,43.7926,0.823993,454099,0.931,19.6696,9.44002
mappo,0,2,2.21871,0.227428,37.1248,0.864867,392585,0.929,16.2813,8.85503
mappo,1,2,2.50854,0.224677,28.0151,0.717736,285237,0.90425,12.2466,8.82504
mappo,2,2,2.36295,0.223923,23.0554,0.807586,239365,0.895,9.066,8.86115
cto,0,2,4.61158,0.189071,2.50754,0.743584,16404.9,0.48375,0.381212,22.0681
cto,1,2,4.93799,0.19034,2.63676,0.610615,19052.4,0.41275,0.414333,21.9682
cto,2,2,4.7575,0.188836,2.63815,0.693042,18642.2,0.52975,0.43739,21.5616
causal,0,4,5.43145,0.2176,3.52488,0.750271,31897.2,0.4625,0.854879,14.0811
causal,1,4,5.80505,0.221547,4.29311,0.614759,48640.2,0.4215,1.23131,14.2197
causal,2,4,5.57252,0.220179,3.20864,0.693794,32165.2,0.518,0.687425,14.2105
ucb,0,4,4.1611,0.193187,5.1081,0.725651,50225.8,0.55875,1.55699,16.0564
ucb,1,4,4.08244,0.208463,23.6137,0.52724,307569,0.60175,10.4304,14.9388
ucb,2,4,4.21987,0.214043,22.6424,0.672773,278006,0.626,11.0837,16.066
dts,0,4,3.736,0.211199,10.7683,0.761948,119302,0.668,4.27046,15.6356
dts,1,4,4.00265,0.220151,15.3448,0.622485,214804,0.6425,7.08318,15.8199
dts,2,4,3.99101,0.214313,13.334,0.679306,123614,0.6595,6.06158,15.2688
gdo,0,4,2.24007,0.256907,107.959,0.774064,1.39634e+06,0.97875,51.0559,7.2504
gdo,1,4,2.4525,0.258812,122.838,0.611977,1.54414e+06,0.9735,60.6407,7.11414
gdo,2,4,2.20631,0.257091,116.216,0.670321,1.49488e+06,0.976,54.5028,7.43175
rss,0,4,2.38723,0.212856,129.55,0.807952,1.06252e+06,0.92575,60.3905,7.57697
rss,1,4,3.615,0.214482,132.296,0.664657,1.23219e+06,0.6025,65.0036,7.9904
rss,2,4,3.67061,0.213486,31.9971,0.902422,557374,0.6805,16.5926,10.663
dqn,0,4,2.67405,0.225333,27.5669,0.831919,309361,0.89075,11.8403,18.609
dqn,1,4,2.80296,0.224092,24.0353,0.698788,268806,0.8475,10.735,17.8171
dqn,2,4,2.77105,0.226373,23.808,0.784626,272727,0.866,9.97935,17.6099
ppo,0,4,2.4308,0.224737,27.1158,0.850697,287219,0.908,11.5864,9.40032
ppo,1,4,2.53111,0.227114,30.0644,0.724592,319433,0.89175,13.6647,9.36635
ppo,2,4,2.13803,0.227195,41.3861,0.822457,438735,0.9185,18.6064,9.29749
mappo,0,4,2.32306,0.227388,33.4208,0.859824,361051,0.91525,14.5327,8.90939
mappo,1,4,2.65781,0.225011,24.453,0.712635,253475,0.879,10.6286,8.90609
mappo,2,4,2.47518,0.223744,19.8318,0.801011,207451,0.881,7.73174,8.94072
cto,0,4,4.6344,0.190047,2.52384,0.742647,17180.8,0.481,0.391763,22.5152
cto,1,4,4.99746,0.190774,2.56553,0.601803,18870,0.39825,0.395517,21.963
cto,2,4,4.82072,0.194518,2.54433,0.69753,18521,0.52,0.408157,21.9796
causal,0,6,6.19026,0.216166,2.00375,0.730478,18353.3,0.3095,0.235506,14.1571
causal,1,6,6.00327,0.223653,2.91522,0.59565,33629.3,0.384,0.601649,14.0812
causal,2,6,6.18794,0.221634,2.24879,0.670184,22867.6,0.39925,0.349164,14.0515
ucb,0,6,4.20812,0.220348,8.13313,0.774487,93375.5,0.61875,2.8595,16.5139
ucb,1,6,4.38131,0.218396,11.4441,0.556809,152290,0.59775,5.29599,15.5941
ucb,2,6,5.47767,0.189988,1.92336,0.630848,18224,0.31225,0.290591,16.0212
dts,0,6,4.58148,0.21631,5.0348,0.733409,54369.5,0.53675,1.49499,15.7604
dts,1,6,4.13419,0.22223,23.1318,0.644372,297147,0.606,11.6427,16.3032
dts,2,6,4.3522,0.213822,13.695,0.680515,150785,0.58925,6.40094,15.584
gdo,0,6,2.38925,0.25647,77.2121,0.752028,1.1112e+06,0.974,36.2372,7.36327
gdo,1,6,2.6329,0.258558,89.1986,0.587891,1.26816e+06,0.96075,44.3678,7.08057
gdo,2,6,2.36574,0.256903,83.4813,0.647219,1.21626e+06,0.96875,39.9248,7.34934
rss,0,6,2.41906,0.212948,129.539,0.807467,1.06247e+06,0.92375,60.3891,7.74988
rss,1,6,3.67788,0.214479,116.835,0.652523,1.1592e+06,0.60125,57.813,8.09926
rss,2,6,3.67978,0.213481,31.9853,0.90166,557371,0.6805,16.5926,10.5747
dqn,0,6,2.97642,0.224096,16.5404,0.822008,194957,0.84,6.79824,18.0298
dqn,1,6,3.03708,0.225326,14.7403,0.685356,173987,0.81725,6.22291,17.8364
dqn,2,6,2.94464,0.227186,18.9556,0.779748,233824,0.84025,8.23559,18.3407
ppo,0,6,2.67697,0.224436,18.3037,0.835782,198767,0.881,7.5164,9.76833
ppo,1,6,2.71195,0.226998,21.8535,0.708533,236728,0.87175,9.76015,9.69317
ppo,2,6,2.29046,0.227333,31.522,0.808093,353120,0.90675,14.3139,9.33956
mappo,0,6,2.53229,0.227824,24.031,0.84819,270077,0.897,10.1746,9.03944
mappo,1,6,2.92315,0.224677,16.2522,0.698385,174929,0.84625,6.806,8.97281
mappo,2,6,2.72555,0.223609,13.0363,0.782426,132774,0.8565,5.005,8.8657
cto,0,6,4.79615,0.191871,2.32972,0.736037,16883.5,0.454,0.318467,22.166
cto,1,6,5.25409,0.192905,2.32335,0.60067,17712.8,0.3585,0.316377,21.9689
cto,2,6,5.09683,0.192621,2.19052,0.690833,16746.1,0.461,0.301003,22.3401
