name,seed,reward,acc,delay,energy,backlog,vio,ms_per_slot,decision_ms,comm_ms,bcd_ms,update_ms,comm_uplink_B,comm_downlink_B,comm_rounds,sec
causal,0,4.80676,0.200816,1.32093,0.622991,12588.6,0.317667,1331.36,1261.42,5.928,64.0133,8.5905,200,416,1,397.716
causal,1,5.41929,0.206651,1.37723,0.461008,16053.3,0.237667,1262.74,1193.97,5.928,62.8447,8.31006,200,416,1,377.134
causal,2,5.07002,0.206083,1.40714,0.528606,14994,0.275667,1288.28,1216.98,5.928,65.3761,8.53492,200,416,1,384.793
causal,3,4.97626,0.202565,1.44354,0.541907,15222.7,0.308,1219.59,1151.98,5.928,61.6797,7.94907,200,416,1,364.18
causal,4,3.64874,0.196479,1.4407,1.16151,14164.4,0.498333,1233.46,1168.57,5.928,58.9611,8.03976,200,416,1,368.343
ucb,0,4.37909,0.197853,1.90983,0.641591,21817.8,0.346667,101.192,35.46,3.24,62.4919,0.729358,120,160,1,29.463
ucb,1,4.63296,0.202473,1.62806,0.512045,20547.7,0.352,113.676,39.2673,3.24,71.1685,0.877535,120,160,1,33.2181
ucb,2,4.50126,0.19989,1.35127,0.591237,15367.8,0.379667,118.167,39.5482,3.24,75.3792,0.885127,120,160,1,34.5704
ucb,3,4.64637,0.204831,1.48233,0.575755,18684.2,0.367667,111.688,38.8194,3.24,69.6286,0.890505,120,160,1,32.6265
ucb,4,2.39427,0.202581,2.23023,1.28408,23596.9,0.704667,100.597,39.019,3.24,58.3378,0.898314,120,160,1,29.2988
dts,0,3.91731,0.208258,2.22646,0.666752,27762.4,0.473,119.822,41.4319,3.24,75.1503,0.956682,120,160,1,35.0736
dts,1,3.8382,0.210868,2.50235,0.538596,27365.1,0.535,114.908,41.2742,3.24,70.3935,0.950594,120,160,1,33.5956
dts,2,3.46021,0.21467,2.4142,0.655391,27041.5,0.618333,113.078,40.1386,3.24,69.6998,0.89713,120,160,1,33.0459
dts,3,3.66604,0.215854,2.2398,0.623601,26584.1,0.624333,134.196,47.3039,3.24,83.6516,1.09683,120,160,1,39.4002
dts,4,2.98339,0.203747,1.9016,1.21951,20042.1,0.591,145.065,55.7963,3.24,86.0286,1.23975,120,160,1,42.6729
gdo,0,2.04595,0.255505,20.008,0.705395,343498,0.918,90.4307,0.306942,5.16,84.9637,0,320,200,1,25.7052
gdo,1,2.37038,0.257218,16.4923,0.530326,290722,0.880333,85.8484,0.293038,5.16,80.3953,0,320,200,1,24.3265
gdo,2,2.05355,0.255984,20.0469,0.591441,353316,0.918,80.4171,0.267746,5.16,74.9894,0,320,200,1,22.6864
gdo,3,2.28407,0.256523,12.6933,0.583802,212271,0.925667,78.4341,0.26399,5.16,73.0102,0,320,200,1,22.0893
gdo,4,0.971556,0.255493,19.848,1.138,354751,0.975333,73.0424,0.257007,5.16,67.6254,0,320,200,1,20.4707
rss,0,1.72948,0.212619,96.4379,0.798925,786957,0.903,63.5012,0.00734329,3.24,60.2538,0,120,160,1,18.1813
rss,1,2.79559,0.213229,57.3826,0.620088,695524,0.617,79.1647,0.00755628,3.24,75.9171,0,120,160,1,22.88
rss,2,2.19263,0.213137,24.646,0.900398,420729,0.782,104.998,0.0079298,3.24,101.75,0,120,160,1,30.6359
rss,3,1.79212,0.224872,52.8072,0.754973,438973,0.999667,71.574,0.00748793,3.24,68.3266,0,120,160,1,20.6026
rss,4,0.928494,0.210782,16.6174,1.46588,169922,0.885333,76.8479,0.00790278,3.24,73.6,0,120,160,1,22.1861
dqn,0,2.29876,0.225081,9.40779,0.784396,116175,0.845667,124.576,30.7431,5.48,88.3525,30.0001,360,200,1,36.8074
dqn,1,2.61113,0.223783,5.49063,0.652999,62094,0.769333,135.601,31.941,5.48,98.1799,31.2561,360,200,1,39.2074
dqn,2,2.42616,0.222846,5.06808,0.752978,55765,0.776333,150.616,33.0472,5.48,112.089,32.216,360,200,1,43.7224
dqn,3,2.22003,0.225184,6.09321,0.725844,71351.9,0.831333,132.14,31.7756,5.48,94.8845,31.0193,360,200,1,38.1675
dqn,4,0.159151,0.225755,9.00136,1.65426,105624,0.933667,126.84,31.5523,5.48,89.8077,30.8087,360,200,1,36.5846
ppo,0,2.40426,0.208552,4.17147,0.758703,40550.3,0.775667,100.626,2.71395,5.48,92.4325,1.41654,360,200,1,28.7002
ppo,1,2.94313,0.209322,3.22438,0.617898,30235.2,0.674,98.1513,2.50917,5.48,90.1621,1.3004,360,200,1,27.9493
ppo,2,2.47737,0.209602,3.83757,0.709283,36880,0.759667,93.9876,2.49256,5.48,86.0151,1.29667,360,200,1,26.7018
ppo,3,2.53301,0.211203,3.29321,0.718156,30105.5,0.755333,96.2652,2.4983,5.48,88.2869,1.28495,360,200,1,27.3824
ppo,4,0.445756,0.208846,4.74543,1.60842,47441.7,0.871667,86.1767,2.45148,5.48,78.2452,1.28192,360,200,1,24.3569
mappo,0,1.84779,0.226499,9.29843,0.810902,107609,0.886667,89.8288,1.07203,3.24,85.5168,0.46768,120,160,1,26.1226
mappo,1,2.3325,0.225522,5.80186,0.660393,59814.1,0.819667,92.6523,1.04806,3.24,88.3643,0.45836,120,160,1,26.9708
mappo,2,2.05039,0.222037,5.24189,0.743756,52940.2,0.846333,94.0041,1.08615,3.24,89.6779,0.472083,120,160,1,27.3813
mappo,3,1.90195,0.226598,7.83166,0.744667,88534.2,0.884,90.7241,1.05858,3.24,86.4255,0.465278,120,160,1,26.3977
mappo,4,-0.314743,0.228485,11.1818,1.70485,131415,0.958667,86.3505,1.06569,3.24,82.0449,0.47597,120,160,1,25.0848
cto,0,3.35635,0.193413,1.8976,0.698739,15744.7,0.577,816.274,703.268,5.48,107.526,0.608648,360,200,1,243.396
cto,1,3.94012,0.195282,1.77917,0.55647,15634.4,0.475,878.666,761.269,5.48,111.917,1.15404,360,200,1,262.103
cto,2,3.48783,0.193267,1.76957,0.646103,14534.8,0.577,827.41,710.21,5.48,111.72,1.27332,360,200,1,246.728
cto,3,3.5723,0.196218,1.76765,0.638567,16126.6,0.555,1328.2,1235.13,5.48,87.5948,0.548805,360,200,1,396.936
cto,4,2.607,0.190982,1.49018,1.44065,13042.8,0.654,445.848,384.005,5.48,56.3624,0.450703,360,200,1,132.196
