name,seed,causal_feas_margin,gdo_feas_margin,reward,acc,vio,delay,energy,backlog,sec
causal,0,0.5,nan,8.644797701048985,0.12793160002762005,0.11399548532731377,1.3542164157357248,0.027402327659843316,0.0888,25.257906913757324
causal,1,0.5,nan,8.550658205679714,0.12716389162616962,0.11199095022624435,1.3454374136171334,0.027367075146294696,0.08776,29.41804599761963
causal,2,0.5,nan,7.8387912071805115,0.12771762540885176,0.11916461916461916,1.3675680283474527,0.027282887696862976,0.08224,29.988629817962646
causal,0,0.55,nan,8.778329073607201,0.14934603014033018,0.11963882618510158,1.39674442862629,0.03165512894889991,0.08976,27.51295495033264
causal,1,0.55,nan,8.762062558440734,0.14862464715481405,0.11538461538461539,1.3721640554709766,0.030168475652263865,0.08808,25.057818174362183
causal,2,0.55,nan,7.981023489751268,0.14922021115906964,0.12653562653562653,1.4049763734588459,0.031023722208002067,0.08288,23.95969796180725
causal,0,0.6,nan,8.931619614105642,0.16984095977003616,0.1252821670428894,1.434847198607103,0.03456044137256758,0.09056,24.548213958740234
causal,1,0.6,nan,8.689850080399198,0.16891412204391973,0.1436651583710407,1.4376672223392917,0.03502195975991,0.09056,24.978157997131348
causal,2,0.6,nan,8.135175385880402,0.17307241122811176,0.13636363636363635,1.4405244149586776,0.03457852635798528,0.08368,25.036765336990356
causal,0,0.65,nan,9.019637430037262,0.18613979663735664,0.13205417607223477,1.4536567533268172,0.03747774074207986,0.09056,26.30143690109253
causal,1,0.65,nan,8.713383047403555,0.18942944902864953,0.1583710407239819,1.4781167903902834,0.03816193918944357,0.09144,32.05549383163452
causal,2,0.65,nan,8.069595366035726,0.18771933614417563,0.15356265356265356,1.481613030543624,0.038318837547929634,0.08448,27.152494192123413
causal,0,0.7,nan,9.084650534805613,0.1967142704091202,0.1309255079006772,1.4706350749201178,0.03894983926709856,0.09048,26.179102897644043
causal,1,0.7,nan,8.836483748811535,0.20037805035628578,0.15384615384615385,1.481428347152033,0.039850560928966855,0.09016,24.687315940856934
causal,2,0.7,nan,8.071214665257232,0.19749554325065005,0.16093366093366093,1.4986093133491134,0.03989561570562842,0.0852,23.50520086288452
causal,0,0.75,nan,9.04739158600002,0.20192988571419518,0.13769751693002258,1.4843132782568553,0.04031765960077206,0.09096,32.1432831287384
causal,1,0.75,nan,8.902741517353087,0.20706560380655395,0.15271493212669685,1.4884473817716,0.041004953078706295,0.09048,25.834517002105713
causal,2,0.75,nan,8.064043608795782,0.20606495476286762,0.16216216216216217,1.5191077050113466,0.041208354134751116,0.08584,23.242578744888306
causal,0,0.8,nan,9.016548693990737,0.2072610511353015,0.14108352144469527,1.5005925805060703,0.041381255739914795,0.09168,24.576049089431763
causal,1,0.8,nan,8.856414014562025,0.20408337932560536,0.15271493212669685,1.489122490690161,0.040393730938888275,0.0908,24.136914253234863
causal,2,0.8,nan,8.23522351193582,0.20385699529133952,0.14864864864864866,1.4911989078802572,0.0386631746673424,0.08472,23.551491737365723
causal,0,0.85,nan,9.129758127329536,0.20894663748241454,0.12979683972911965,1.490070571157504,0.04089338889083707,0.0908,23.259666919708252
causal,1,0.85,nan,8.821243745898602,0.20791493855759963,0.14819004524886878,1.5055055533014783,0.0420320372000201,0.09056,24.92707085609436
causal,2,0.85,nan,8.13848925053486,0.21212038702487054,0.1597051597051597,1.5286539050312462,0.04228582425959129,0.08592,28.770424842834473
causal,0,0.9,nan,9.089378067752794,0.2103117177066336,0.13882618510158012,1.5034585989615619,0.04178072440261959,0.09136,26.50880002975464
causal,1,0.9,nan,8.9764018841797,0.20692114882843174,0.13914027149321267,1.4835826559497887,0.040857847012362246,0.08952,25.459409952163696
causal,2,0.9,nan,8.213696997814775,0.2113405935061216,0.15601965601965603,1.5125827187195757,0.04129295624267474,0.08496,24.620872974395752
causal,0,0.95,nan,9.064015498187393,0.2112688586194221,0.1433408577878104,1.5052147297513963,0.04173060384729169,0.0916,23.742117166519165
causal,1,0.95,nan,8.969289703589343,0.20810416944243085,0.14479638009049775,1.4817933983732543,0.04079204342665452,0.0892,24.968576192855835
causal,2,0.95,nan,8.235786550654423,0.21041582936110917,0.15601965601965603,1.5050215583037092,0.04053684020108797,0.08496,23.394607067108154
causal,0,1.0,nan,8.984914816124494,0.21049365298762163,0.1455981941309255,1.5133124112480911,0.0424275051798053,0.092,29.229362964630127
causal,1,1.0,nan,8.829016485403617,0.20992377257047717,0.15271493212669685,1.5066838850380695,0.041923626029787775,0.09064,24.50228714942932
causal,2,1.0,nan,8.215765876794089,0.2151164432974957,0.16093366093366093,1.521379361189721,0.041681219998288846,0.08488,23.241172075271606
gdo,0,nan,0.5,8.536197411098765,0.12222936209116315,0.11173814898419865,1.3596913622900373,0.0285326689070248,0.08832,18.988740921020508
gdo,1,nan,0.5,8.44051636126929,0.12090239194472667,0.11085972850678733,1.3435555963649868,0.02843885146112188,0.08704,15.969955205917358
gdo,2,nan,0.5,7.725084163648651,0.12276416653375631,0.11916461916461916,1.3798092621096787,0.028507011073085516,0.0824,15.501164197921753
gdo,0,nan,0.55,8.591114996849889,0.1436695821383948,0.12076749435665914,1.4127673589334335,0.03305020085127421,0.09008,15.9727201461792
gdo,1,nan,0.55,8.51048208775038,0.1410866730416609,0.13009049773755657,1.3891632473426663,0.03220776135526991,0.08856,17.153863191604614
gdo,2,nan,0.55,7.723332981640962,0.14324671366309222,0.13636363636363635,1.435048651501488,0.032925298906615344,0.08456,16.126551866531372
gdo,0,nan,0.6,8.606545993534324,0.16307996151701667,0.136568848758465,1.457843160985068,0.037332047422126126,0.09112,16.502063751220703
gdo,1,nan,0.6,8.409292552859919,0.1614774730923115,0.15610859728506787,1.4540964019056462,0.036777999888490946,0.09032,16.35347294807434
gdo,2,nan,0.6,7.85165690386715,0.16219724634347865,0.14004914004914004,1.467360166989819,0.035910750209747946,0.08448,16.19752597808838
gdo,0,nan,0.65,8.492416256721889,0.18030203037010198,0.1523702031602709,1.5124142393090172,0.04198366450020872,0.09312,15.972078084945679
gdo,1,nan,0.65,8.460730825765594,0.1836289137444849,0.17194570135746606,1.4931234406156624,0.04102007027532969,0.09128,16.224802017211914
gdo,2,nan,0.65,7.7928681008737675,0.18366454507311444,0.15847665847665848,1.5198879832493362,0.04042643109859912,0.08616,15.598707914352417
gdo,0,nan,0.7,8.35328805595245,0.19400867140493946,0.17381489841986456,1.569306453274081,0.0460927504565346,0.0948,16.590204000473022
gdo,1,nan,0.7,8.382528707768408,0.20022158128859868,0.17647058823529413,1.5485837711996118,0.04588737030205057,0.09272,16.255640029907227
gdo,2,nan,0.7,7.691902724221089,0.19915937457989705,0.1732186732186732,1.570908465656219,0.04503707884788684,0.08744,15.682184219360352
gdo,0,nan,0.75,8.346453943192486,0.2077012115894408,0.172686230248307,1.5969500442954645,0.0492111330443622,0.09464,16.197085857391357
gdo,1,nan,0.75,8.2526309158663,0.20910929699033307,0.19117647058823528,1.582438566324373,0.04904660547063543,0.0932,16.416804790496826
gdo,2,nan,0.75,7.529238659371193,0.20846139088046045,0.18673218673218672,1.622826740111599,0.04887755494207353,0.08896,16.17599105834961
gdo,0,nan,0.8,8.080804673962811,0.21485783774375808,0.1963882618510158,1.6514007520061285,0.053188935192403655,0.0968,16.679056882858276
gdo,1,nan,0.8,8.14195617309509,0.21353175342880487,0.19230769230769232,1.612902322947816,0.0520929811329797,0.09376,16.803292274475098
gdo,2,nan,0.8,7.46426357911216,0.21752159561964138,0.18796068796068796,1.6450551967618678,0.051100400607100506,0.08928,15.903576135635376
gdo,0,nan,0.85,7.845668137440753,0.21873700158818044,0.2054176072234763,1.676799171546194,0.056744578500812236,0.0972,17.57594108581543
gdo,1,nan,0.85,7.914134488775171,0.21931470272188872,0.20701357466063347,1.6531656751397148,0.054761850288821017,0.09592,16.487613916397095
gdo,2,nan,0.85,7.379410145462642,0.22079271107741064,0.20638820638820637,1.6535851018864858,0.05305904222521333,0.0892,16.933873176574707
gdo,0,nan,0.9,7.829523475709471,0.22098633214154842,0.20993227990970656,1.6891904919906202,0.05798371054525461,0.09824,18.580265998840332
gdo,1,nan,0.9,7.877371250401296,0.22367823812511842,0.21266968325791855,1.6590204109221953,0.05691130318468696,0.09552,18.688150644302368
gdo,2,nan,0.9,7.194332830772029,0.22183089773201056,0.21007371007371006,1.6899740525321607,0.05583798642982991,0.09096,16.755013942718506
gdo,0,nan,0.95,7.516816010143655,0.22602183918636426,0.23137697516930023,1.7392927894984507,0.06130093803870149,0.10064,17.25647783279419
gdo,1,nan,0.95,7.62447685417777,0.2266524589458283,0.22624434389140272,1.6949125805739833,0.06038739797792017,0.09744,18.542201280593872
gdo,2,nan,0.95,6.990204929878979,0.2264300258350171,0.23095823095823095,1.7249092914777877,0.058819834165794706,0.0928,16.98714303970337
gdo,0,nan,1.0,7.330529865093806,0.2261315768626445,0.24293785310734464,1.7620519616011494,0.06196572366253739,0.10248,24.334831953048706
gdo,1,nan,1.0,7.201561559944783,0.22926202751687944,0.2559456398640997,1.7646754061228553,0.0637113906017665,0.102,23.569282054901123
gdo,2,nan,1.0,6.56161076186466,0.22573190954962122,0.25953259532595324,1.7844557578033582,0.06242174831888399,0.0964,21.506042957305908
